{
"type": "FeatureCollection",
"name": "clip_red_hidrica",
"crs": { "type": "name", "properties": { "name": "urn:ogc:def:crs:OGC:1.3:CRS84" } },
"features": [
{ "type": "Feature", "properties": { "OBJECTID": 1, "Cuenca": 55.0, "Nombre_Rio": null, "Categoria": "Terciario", "Tipo_Rio": "Intermitente", "Long_Km": 2.2276784784400001, "Shape_Leng": 540.65872262599999 }, "geometry": { "type": "MultiLineString", "coordinates": [ [ [ -85.412348176054181, 13.312055668376651 ], [ -85.41311454727358, 13.312058002937826 ], [ -85.413446724990578, 13.312050510589652 ], [ -85.414255484768006, 13.312361695543826 ], [ -85.414654608581273, 13.312574654405879 ], [ -85.41499000997824, 13.312840881003705 ], [ -85.415286301188516, 13.313076064235124 ], [ -85.415627439578614, 13.313192992560166 ], [ -85.416193184730133, 13.313320888386077 ], [ -85.41656555599377, 13.313488369623073 ], [ -85.416787488089923, 13.313563761275208 ], [ -85.416931928147903, 13.313648335591012 ] ] ] } },
{ "type": "Feature", "properties": { "OBJECTID": 2, "Cuenca": 55.0, "Nombre_Rio": null, "Categoria": "Terciario", "Tipo_Rio": "Intermitente", "Long_Km": 0.96597712542000003, "Shape_Leng": 965.97720865500003 }, "geometry": { "type": "MultiLineString", "coordinates": [ [ [ -85.396368972869936, 13.376181834810527 ], [ -85.397107057635722, 13.376087324351332 ], [ -85.397673515689078, 13.376126789134595 ], [ -85.398100268662816, 13.376237116106189 ], [ -85.398257618414817, 13.376453361422797 ], [ -85.398695586001452, 13.376954893446316 ], [ -85.399156583486587, 13.377188506359966 ], [ -85.399460100557164, 13.37746546669414 ], [ -85.399751957766028, 13.377658645588806 ], [ -85.399861167641347, 13.377766961087575 ], [ -85.400115832597294, 13.378043611633622 ], [ -85.40055322546614, 13.378393168121574 ], [ -85.400831844924213, 13.378741719837636 ], [ -85.400951691150809, 13.379089266331455 ], [ -85.400998178280091, 13.379448307833913 ], [ -85.401007709140345, 13.379854948787926 ], [ -85.401018028929229, 13.380142011323727 ], [ -85.401124873630764, 13.380609058972148 ], [ -85.401196339979222, 13.38088455014509 ], [ -85.401316029667754, 13.381256012632374 ], [ -85.401387338566963, 13.381555419828755 ], [ -85.401519005508277, 13.381962833123513 ] ] ] } },
{ "type": "Feature", "properties": { "OBJECTID": 3, "Cuenca": 55.0, "Nombre_Rio": null, "Categoria": "Terciario", "Tipo_Rio": "Intermitente", "Long_Km": 1.6738063709, "Shape_Leng": 1673.8063288200001 }, "geometry": { "type": "MultiLineString", "coordinates": [ [ [ -85.384812337559381, 13.359770166113638 ], [ -85.384553564903769, 13.360303921441622 ], [ -85.384463089026966, 13.360686005485992 ], [ -85.384342856372243, 13.361134864876115 ], [ -85.384262404995482, 13.361478746965558 ], [ -85.38418239825279, 13.361755665610236 ], [ -85.383974808025783, 13.362117869296148 ], [ -85.383972387362505, 13.362481381756814 ], [ -85.384088099123673, 13.362711717754451 ], [ -85.384291294199841, 13.363009577469699 ], [ -85.384378141386577, 13.363172762910219 ], [ -85.384396025749766, 13.363421606812926 ], [ -85.38441308212785, 13.363794810752452 ], [ -85.384342844199011, 13.364071791693471 ], [ -85.384234035814046, 13.364271994837797 ], [ -85.38410454101826, 13.364644263112693 ], [ -85.384121787018515, 13.36498876776195 ], [ -85.384294332279921, 13.365304569147968 ], [ -85.384476088607428, 13.365520976058084 ], [ -85.384596548477589, 13.365966034801554 ], [ -85.384719254991438, 13.366419391409632 ], [ -85.384765048731126, 13.366878877400431 ], [ -85.384792384698684, 13.367175614493071 ], [ -85.38482770712109, 13.367740264709944 ], [ -85.384815325692088, 13.368132414029736 ], [ -85.384812395561539, 13.368572455640543 ], [ -85.384937625523662, 13.36884111806731 ], [ -85.385111515245384, 13.369138790586613 ], [ -85.385333556420079, 13.369542002314519 ], [ -85.385631327619905, 13.369944261724651 ], [ -85.385812261287754, 13.370407399481383 ], [ -85.385977997343971, 13.370707013635332 ], [ -85.386151428891964, 13.371074039870107 ], [ -85.386296169605842, 13.371347609901532 ], [ -85.386474876577623, 13.372023191278579 ], [ -85.387109370342571, 13.373950749410241 ] ] ] } },
{ "type": "Feature", "properties": { "OBJECTID": 4, "Cuenca": 55.0, "Nombre_Rio": null, "Categoria": "Terciario", "Tipo_Rio": "Intermitente", "Long_Km": 1.0582407274400001, "Shape_Leng": 834.75319476699997 }, "geometry": { "type": "MultiLineString", "coordinates": [ [ [ -85.405519999234471, 13.377065891106087 ], [ -85.405182131929848, 13.377376897296694 ], [ -85.404698697131124, 13.377937494344636 ], [ -85.40429346296041, 13.378764749475929 ], [ -85.40412850196671, 13.379530892468651 ], [ -85.404092912281513, 13.380078657087704 ], [ -85.40412231616132, 13.380470263199591 ], [ -85.404139395430732, 13.381519378570104 ], [ -85.403922848575519, 13.382833185367083 ], [ -85.403835053143226, 13.384022549052229 ], [ -85.403830861151434, 13.384165677854538 ] ] ] } },
{ "type": "Feature", "properties": { "OBJECTID": 5, "Cuenca": 55.0, "Nombre_Rio": "Los Martínez", "Categoria": "Terciario", "Tipo_Rio": "Permanente", "Long_Km": 4.2111056864599998, "Shape_Leng": 4155.9801675899998 }, "geometry": { "type": "MultiLineString", "coordinates": [ [ [ -85.411708013640634, 13.38423683054692 ], [ -85.411793003943316, 13.383518730218762 ], [ -85.411809920440746, 13.382801338316467 ], [ -85.411690997427343, 13.382310300847859 ], [ -85.411418203463938, 13.381914600513033 ], [ -85.41096955694681, 13.381787415044281 ], [ -85.410726352021527, 13.381623253414755 ], [ -85.410551918705423, 13.381402124300157 ], [ -85.410397028623592, 13.38118111798134 ], [ -85.410079987377614, 13.38035639344224 ], [ -85.409905241646427, 13.380183095418809 ], [ -85.408883011128125, 13.379612233032979 ], [ -85.408211151437158, 13.3792540389723 ], [ -85.407832101937913, 13.378945519752348 ], [ -85.407639012169042, 13.378590338824379 ], [ -85.407434517354346, 13.378483817961962 ], [ -85.405897598086852, 13.377431372483697 ], [ -85.405732880504942, 13.377219868300468 ], [ -85.405696566522366, 13.376798707866557 ], [ -85.406076566429292, 13.376311651094474 ], [ -85.406054340704614, 13.375976679728298 ], [ -85.405921724402802, 13.37571276206504 ], [ -85.405520259445041, 13.375471065688711 ], [ -85.405399149192036, 13.375314844139897 ], [ -85.405317981710624, 13.374656628052978 ], [ -85.404918800476338, 13.374068155191795 ], [ -85.404762468340408, 13.373696462910427 ], [ -85.404536397527437, 13.372786209264472 ], [ -85.404454478373111, 13.371500178046555 ], [ -85.404441333275159, 13.371270496834907 ], [ -85.404302706481502, 13.371103880515305 ], [ -85.404206638362865, 13.370854542759847 ], [ -85.403808066386816, 13.370545897002986 ], [ -85.403476502368761, 13.370448138316787 ], [ -85.40266033738996, 13.370197363517878 ], [ -85.401971899730825, 13.369876600916658 ], [ -85.401595189190502, 13.369587222766695 ], [ -85.401365587060852, 13.369215066216677 ], [ -85.401054514668246, 13.368232524521458 ], [ -85.400938455384917, 13.367311005444302 ], [ -85.40088172647917, 13.366652942638733 ], [ -85.400774277204405, 13.366302647312544 ], [ -85.400396525905805, 13.366147629618297 ], [ -85.399958995593167, 13.365821991105081 ], [ -85.399522728582085, 13.365305027145226 ], [ -85.399415574796052, 13.364885811491492 ], [ -85.399312157694254, 13.364270503068079 ], [ -85.398846165060064, 13.363724411964979 ], [ -85.398051769230662, 13.363066465330638 ], [ -85.397525227540342, 13.362905283955262 ], [ -85.396362185887625, 13.362589396015789 ], [ -85.395587601224392, 13.362261615606704 ], [ -85.394503972969574, 13.362127031013813 ], [ -85.393982588932403, 13.362294487166311 ], [ -85.393627638315948, 13.362780130215256 ], [ -85.393244801258774, 13.363050347194024 ], [ -85.391368951804012, 13.363038432741199 ], [ -85.391133710126113, 13.36315173707751 ], [ -85.390162518181441, 13.363189807472645 ], [ -85.388709998632251, 13.362422172450179 ] ] ] } },
{ "type": "Feature", "properties": { "OBJECTID": 6, "Cuenca": 55.0, "Nombre_Rio": null, "Categoria": "Terciario", "Tipo_Rio": "Intermitente", "Long_Km": 0.9133752237, "Shape_Leng": 913.37525050099998 }, "geometry": { "type": "MultiLineString", "coordinates": [ [ [ -85.394503972969574, 13.362127031013813 ], [ -85.394599388258086, 13.361919084823549 ], [ -85.394692239837042, 13.361729537121805 ], [ -85.394861864001967, 13.361565589983066 ], [ -85.394947744060389, 13.361322186250574 ], [ -85.394931489130329, 13.361009973387274 ], [ -85.394969517914461, 13.360615034668815 ], [ -85.394978154869975, 13.360232426267956 ], [ -85.39497430181973, 13.359891592315854 ], [ -85.395067199594948, 13.359694870155719 ], [ -85.395148043098956, 13.359474155422493 ], [ -85.395228886435234, 13.359253440643148 ], [ -85.395212306846517, 13.358990254696261 ], [ -85.395188206659057, 13.358694733693943 ], [ -85.395069944712077, 13.358097288019355 ], [ -85.394900841847644, 13.357825940916108 ], [ -85.394689300685883, 13.357495748392072 ], [ -85.394382152917061, 13.357213294291142 ], [ -85.394297542433435, 13.356715979252723 ], [ -85.394201860716521, 13.356410438100136 ], [ -85.394205340480042, 13.355884297660614 ], [ -85.394290663109388, 13.355429349679213 ], [ -85.394339825892402, 13.35472340483035 ], [ -85.394367578273148, 13.3543248972481 ] ] ] } },
{ "type": "Feature", "properties": { "OBJECTID": 7, "Cuenca": 55.0, "Nombre_Rio": null, "Categoria": "Terciario", "Tipo_Rio": "Intermitente", "Long_Km": 1.59444493721, "Shape_Leng": 1594.44492285 }, "geometry": { "type": "MultiLineString", "coordinates": [ [ [ -85.397638482786505, 13.362919996447454 ], [ -85.397818945268241, 13.362789195079996 ], [ -85.397973487060852, 13.36268972418403 ], [ -85.398143252098478, 13.362504249430662 ], [ -85.398173746134262, 13.362325068650142 ], [ -85.398314531214496, 13.362089186273232 ], [ -85.398434991999537, 13.361602052087203 ], [ -85.398446877784551, 13.361188970442084 ], [ -85.398553050988738, 13.360830894517628 ], [ -85.398545710499349, 13.360462534199234 ], [ -85.39862097421306, 13.360161662133034 ], [ -85.398698579331551, 13.359714767895428 ], [ -85.398708380845491, 13.359500924168982 ], [ -85.398885033893279, 13.358641047254535 ], [ -85.399014611601899, 13.358272818606254 ], [ -85.399233524752475, 13.357650715738576 ], [ -85.399750304848453, 13.357068027114732 ], [ -85.40008311014833, 13.35660375843668 ], [ -85.400355031627953, 13.356182717395068 ], [ -85.400675365631443, 13.355686713256706 ], [ -85.401006754189396, 13.355151999752154 ], [ -85.401141092280923, 13.354935238461572 ], [ -85.401435464700285, 13.354502860339403 ], [ -85.401746517655525, 13.354002576189179 ], [ -85.402003699012795, 13.353568403181548 ], [ -85.402339309545013, 13.353001821382932 ], [ -85.402798224464689, 13.352301568487311 ], [ -85.404333635362448, 13.350491792607279 ] ] ] } },
{ "type": "Feature", "properties": { "OBJECTID": 8, "Cuenca": 55.0, "Nombre_Rio": null, "Categoria": "Terciario", "Tipo_Rio": "Intermitente", "Long_Km": 1.09007392214, "Shape_Leng": 1090.0738427599999 }, "geometry": { "type": "MultiLineString", "coordinates": [ [ [ -85.404369867102687, 13.367878760389159 ], [ -85.404956635453786, 13.367798752222358 ], [ -85.405506451085714, 13.367766342214093 ], [ -85.405884578886628, 13.36784047419323 ], [ -85.406348354009879, 13.367891228847643 ], [ -85.406799524021878, 13.368001694757316 ], [ -85.407249281237029, 13.368327399733628 ], [ -85.407722995166552, 13.36872500437701 ], [ -85.408400665127559, 13.3694007322938 ], [ -85.408803279048342, 13.369748255811993 ], [ -85.40944727423701, 13.370254553552694 ], [ -85.410345394923482, 13.371121196043973 ], [ -85.410865596004186, 13.371700808275561 ], [ -85.411276015018359, 13.372158098796167 ], [ -85.411583995943218, 13.372501251343259 ], [ -85.412212664688951, 13.373201709566599 ] ] ] } },
{ "type": "Feature", "properties": { "OBJECTID": 9, "Cuenca": 55.0, "Nombre_Rio": "Waslania", "Categoria": "Terciario", "Tipo_Rio": "Intermitente", "Long_Km": 1.5336212635, "Shape_Leng": 1533.62136897 }, "geometry": { "type": "MultiLineString", "coordinates": [ [ [ -85.384517713867183, 13.341027600647974 ], [ -85.384556113294039, 13.341203152446637 ], [ -85.384744657238898, 13.341498526142692 ], [ -85.384978782618546, 13.34155024170521 ], [ -85.385116134211401, 13.341830938338344 ], [ -85.385102749244069, 13.342118252269298 ], [ -85.385090140356041, 13.342388921748459 ], [ -85.385101933905233, 13.342819491843455 ], [ -85.385142748976534, 13.343293296232943 ], [ -85.385389766375596, 13.343610566447257 ], [ -85.385930244345275, 13.343872305358067 ], [ -85.386471484813157, 13.344019250521013 ], [ -85.386926517239431, 13.343907347522114 ], [ -85.387382025400242, 13.343723698514465 ], [ -85.387673674342835, 13.343940801198011 ], [ -85.387847522613342, 13.34424325412982 ], [ -85.387977503854103, 13.3445310781538 ], [ -85.388106819122171, 13.344919345728536 ], [ -85.388204923282188, 13.345594412953119 ], [ -85.38827514837395, 13.346054054676509 ], [ -85.388515617839062, 13.346510875916625 ], [ -85.388724665351759, 13.346774406030132 ], [ -85.389249357868749, 13.347208237346752 ], [ -85.389760729624825, 13.347441084641099 ], [ -85.389934581730145, 13.347743536634402 ], [ -85.390092925264312, 13.348175038462676 ], [ -85.39055967208283, 13.348508049701843 ], [ -85.39099787216567, 13.348726081168611 ], [ -85.391451012331018, 13.348901156397002 ], [ -85.391802427840219, 13.348946436681887 ], [ -85.392593661201346, 13.348965807473572 ], [ -85.392944793347468, 13.349054134845449 ], [ -85.393310168770526, 13.349204734147643 ] ] ] } },
{ "type": "Feature", "properties": { "OBJECTID": 10, "Cuenca": 55.0, "Nombre_Rio": null, "Categoria": "Terciario", "Tipo_Rio": "Permanente", "Long_Km": 4.4629536533399996, "Shape_Leng": 2950.97643943 }, "geometry": { "type": "MultiLineString", "coordinates": [ [ [ -85.327285637258385, 13.383461479436008 ], [ -85.327231911472907, 13.383359387414739 ], [ -85.32716133011813, 13.38290361407191 ], [ -85.327208538829836, 13.382637405748858 ], [ -85.327243945043435, 13.382437749261765 ], [ -85.327166083510477, 13.382215132614421 ], [ -85.327133283965992, 13.382037235351071 ], [ -85.327169380059914, 13.381737637576597 ], [ -85.327227547425622, 13.381527027295396 ], [ -85.327297286047894, 13.381283177662127 ], [ -85.32729935568085, 13.380983354673042 ], [ -85.327278664917316, 13.380694487281774 ], [ -85.327201800202189, 13.380327512028897 ], [ -85.327186779736195, 13.380038681249863 ], [ -85.327029448104597, 13.379826644076074 ], [ -85.326882845676849, 13.379703519296626 ], [ -85.326554694434023, 13.379590296330512 ], [ -85.32627198827592, 13.379466269435165 ], [ -85.326080095164585, 13.379331739133367 ], [ -85.325900464042633, 13.37906402911741 ], [ -85.325845212212243, 13.378852667260198 ], [ -85.325676770436417, 13.378607240909341 ], [ -85.325541664161847, 13.378461981045625 ], [ -85.325419664828956, 13.37806139169756 ], [ -85.325296514957131, 13.377827370426321 ], [ -85.325138572472042, 13.377704168838051 ], [ -85.325002547073041, 13.377692162518448 ], [ -85.324752948541587, 13.37770161427594 ], [ -85.324390008065095, 13.377699209443028 ], [ -85.324152135609452, 13.377653212794726 ], [ -85.323994270681467, 13.377518905797768 ], [ -85.323870431393814, 13.377384825168809 ], [ -85.323743148148864, 13.376928674817353 ], [ -85.323745067896809, 13.376651061818572 ], [ -85.323791894298623, 13.376440376367015 ], [ -85.324066247542788, 13.376131254038517 ], [ -85.324294466089171, 13.375932875777785 ], [ -85.324704458606419, 13.37569128215786 ], [ -85.325148400716969, 13.375461016098514 ], [ -85.325410565366937, 13.37527396675093 ], [ -85.325639241299399, 13.3750089601282 ], [ -85.325697177559562, 13.374831662608571 ], [ -85.325687139245062, 13.374642810680731 ], [ -85.325665299719873, 13.374520510580524 ], [ -85.325530195430929, 13.374375250934964 ], [ -85.325439844773996, 13.37431912717901 ], [ -85.325134385391976, 13.374206054352451 ], [ -85.32487360284162, 13.374193221989133 ], [ -85.324585079269525, 13.374091366000016 ], [ -85.324586537230587, 13.373880379693835 ], [ -85.324667540504763, 13.373647710609667 ], [ -85.324895985264021, 13.373416017985377 ], [ -85.324965109113592, 13.373261005304796 ], [ -85.324864415295394, 13.373060447739327 ], [ -85.32444630770452, 13.372835578047932 ], [ -85.324129662303861, 13.372700219580661 ], [ -85.32389233202646, 13.37257649161918 ], [ -85.323722207138019, 13.37257536426206 ], [ -85.323370462861092, 13.372595243582143 ], [ -85.323132825985098, 13.372515933154164 ], [ -85.322930135659817, 13.37230359355347 ], [ -85.322693036927333, 13.372146551170868 ], [ -85.322454939849194, 13.372133866992458 ], [ -85.322284738566125, 13.372143843474275 ], [ -85.32215362804402, 13.371990798285449 ], [ -85.321880914456145, 13.371690043451268 ], [ -85.321650944358808, 13.371389572886295 ], [ -85.32160136735348, 13.370611984927645 ], [ -85.321531528147545, 13.370387063212334 ], [ -85.321280740991583, 13.370094824439938 ], [ -85.320910925280799, 13.369788292225152 ], [ -85.320829312273091, 13.369580880279582 ], [ -85.320729852905998, 13.368952435081869 ], [ -85.320561983484168, 13.368502902321655 ], [ -85.320350460674803, 13.368184615641109 ], [ -85.319918660850774, 13.367930634722372 ], [ -85.319700081215487, 13.367749815930924 ], [ -85.319432892779673, 13.367181241676887 ], [ -85.318747449806608, 13.366695983932921 ], [ -85.31812632542686, 13.36630537960542 ], [ -85.317211997445185, 13.366069711722998 ], [ -85.316833015834405, 13.365773029490759 ], [ -85.316463005808004, 13.365239642021072 ], [ -85.316418742125236, 13.365166283920956 ] ] ] } },
{ "type": "Feature", "properties": { "OBJECTID": 11, "Cuenca": 55.0, "Nombre_Rio": null, "Categoria": "Terciario", "Tipo_Rio": "Intermitente", "Long_Km": 1.3039499730299999, "Shape_Leng": 914.47933659800003 }, "geometry": { "type": "MultiLineString", "coordinates": [ [ [ -85.302595689706436, 13.374664116498698 ], [ -85.303948553274566, 13.374738360350632 ], [ -85.305710625338619, 13.374972269427399 ], [ -85.306356323872805, 13.37508764449351 ], [ -85.30700000698198, 13.375491731482963 ], [ -85.307874265261418, 13.376347919685182 ], [ -85.308203143827129, 13.376842249819408 ], [ -85.308409859572834, 13.377249168800107 ], [ -85.308492270038926, 13.377658737042159 ], [ -85.308698154734415, 13.378171008766582 ], [ -85.309025182602582, 13.378659088099988 ] ] ] } },
{ "type": "Feature", "properties": { "OBJECTID": 12, "Cuenca": 55.0, "Nombre_Rio": null, "Categoria": "Terciario", "Tipo_Rio": "Intermitente", "Long_Km": 3.1888200003099998, "Shape_Leng": 3011.55945621 }, "geometry": { "type": "MultiLineString", "coordinates": [ [ [ -85.302330822571435, 13.38160235567195 ], [ -85.302995235589322, 13.381591327828652 ], [ -85.3038257827655, 13.381587335300685 ], [ -85.304631636062709, 13.381621439661199 ], [ -85.305730769489728, 13.381633592206555 ], [ -85.306120886228868, 13.381736052058862 ], [ -85.306580056671521, 13.381744511138971 ], [ -85.30674688839953, 13.381640400548159 ], [ -85.30696805814631, 13.381450558238871 ], [ -85.307183342600339, 13.381182393074724 ], [ -85.30771304050792, 13.380360854920367 ], [ -85.308055097576499, 13.379716800289071 ], [ -85.308490130184879, 13.379135006030006 ], [ -85.308729886871362, 13.378906423293369 ], [ -85.308981814046845, 13.378683900911458 ], [ -85.309122692272439, 13.378702287275834 ], [ -85.309416496178088, 13.378859721222392 ], [ -85.309960053084481, 13.378985509714944 ], [ -85.310289044750519, 13.378976603396101 ], [ -85.31061795903949, 13.378978801341992 ], [ -85.31102549258749, 13.379092574405956 ], [ -85.311285659813763, 13.379194256481801 ], [ -85.31171549075809, 13.379363701720401 ], [ -85.312169166746116, 13.379366730785428 ], [ -85.31237363023584, 13.379323675680176 ], [ -85.312765157286847, 13.379292974047813 ], [ -85.313059892293055, 13.379317150314838 ], [ -85.313377078953266, 13.379374791701867 ], [ -85.313886305471158, 13.379544763087218 ], [ -85.314338746507858, 13.379725459246448 ], [ -85.314747133184142, 13.379717076558878 ], [ -85.315065401886343, 13.379619253459669 ], [ -85.315395166937847, 13.379499296057253 ], [ -85.315712894967419, 13.379479203341075 ], [ -85.316097979835902, 13.379559503301298 ], [ -85.316696326227046, 13.379963267527801 ], [ -85.317063165183214, 13.380221124054334 ], [ -85.317481738906622, 13.380379379933359 ], [ -85.317912579513944, 13.380404457420781 ], [ -85.318207162980272, 13.380450837379032 ], [ -85.318591712234124, 13.380608865192993 ], [ -85.318794250301522, 13.380843417089803 ], [ -85.318939153874794, 13.381210845044931 ], [ -85.319016776222497, 13.381466776637025 ], [ -85.319208435211721, 13.381634626246834 ], [ -85.319593757185245, 13.381681608083767 ], [ -85.320285621410534, 13.381686206303407 ], [ -85.320818775059124, 13.381678643157098 ], [ -85.322650825577867, 13.381646385999954 ], [ -85.323592217390527, 13.381652630741362 ], [ -85.324328529853275, 13.381790773303315 ], [ -85.325131822916362, 13.382084827081247 ], [ -85.325532932629002, 13.38230958563822 ], [ -85.325928832294167, 13.382467678303909 ], [ -85.326450263068878, 13.382515551350263 ], [ -85.326880726859869, 13.382596136219151 ], [ -85.327197999812711, 13.382642656349196 ] ] ] } },
{ "type": "Feature", "properties": { "OBJECTID": 13, "Cuenca": 55.0, "Nombre_Rio": "Waslala", "Categoria": "Terciario", "Tipo_Rio": "Permanente", "Long_Km": 34.964610762600003, "Shape_Leng": 12232.668691299999 }, "geometry": { "type": "MultiLineString", "coordinates": [ [ [ -85.377506861667129, 13.303169731909557 ], [ -85.377341505701892, 13.303468671517958 ], [ -85.376996201592846, 13.303983060164363 ], [ -85.376661746191274, 13.304334886229107 ], [ -85.376121340674842, 13.3048097612959 ], [ -85.375825953066013, 13.305161835608166 ], [ -85.37575611392127, 13.305381419541149 ], [ -85.375795439407867, 13.305893122380658 ], [ -85.375993701775599, 13.306764889244636 ], [ -85.37606234773979, 13.307066729399592 ], [ -85.376182054272505, 13.307426238937728 ], [ -85.376307626388524, 13.307821661741359 ], [ -85.376482954929898, 13.30807988226559 ], [ -85.376768290101765, 13.30832086896435 ], [ -85.377059889431081, 13.308537979403345 ], [ -85.377202451846117, 13.30876609479426 ], [ -85.377298536817989, 13.309005872201185 ], [ -85.377505981310819, 13.309208931998743 ], [ -85.377889195587386, 13.309420647254703 ], [ -85.378126292194068, 13.309571638302831 ], [ -85.378265391038312, 13.309769835665973 ], [ -85.378306613137084, 13.30999730459992 ], [ -85.378287105390299, 13.310176552930667 ], [ -85.378206229133312, 13.310403241530746 ], [ -85.378089400266987, 13.310528057030423 ], [ -85.377941209885009, 13.310778232651565 ], [ -85.377946121104799, 13.31095763682765 ], [ -85.378018862702831, 13.311035829685363 ], [ -85.378275150440757, 13.31105540248315 ], [ -85.378592049959707, 13.311141133213178 ], [ -85.378835332581545, 13.311280205280733 ], [ -85.378931817740536, 13.311460192994465 ], [ -85.378922153861922, 13.311673848806368 ], [ -85.378838243468536, 13.311825243053342 ], [ -85.378660737192419, 13.311985345773119 ], [ -85.378522639880671, 13.3120950774581 ], [ -85.378330221864857, 13.312202270251491 ], [ -85.377992321072512, 13.312336436249538 ], [ -85.37732596662498, 13.312652659130871 ], [ -85.376907832730637, 13.313099615273496 ], [ -85.376872083022349, 13.313333766864915 ], [ -85.376919329690978, 13.313573232389365 ], [ -85.377000700923261, 13.313822482192208 ], [ -85.377145754803664, 13.314043439339706 ], [ -85.377178413533699, 13.314273245414613 ], [ -85.37715289353666, 13.314438105278647 ], [ -85.377085047884776, 13.314724667347518 ], [ -85.377010113657335, 13.314975310079184 ], [ -85.376973759979435, 13.315332730280703 ], [ -85.376947393939815, 13.315591951529445 ], [ -85.377047090908732, 13.316023082941328 ], [ -85.377234202093419, 13.316376844850732 ], [ -85.377491526464041, 13.316608086503596 ], [ -85.377661130503782, 13.316810067059714 ], [ -85.377650470551828, 13.316943930546554 ], [ -85.377557354579736, 13.316991168518561 ], [ -85.377415397717797, 13.317038094367481 ], [ -85.377229325878403, 13.317108654205857 ], [ -85.377218569119094, 13.317256866803831 ], [ -85.377310824749998, 13.317338771484351 ], [ -85.377549442989405, 13.31744552827559 ], [ -85.377684986252021, 13.317628158794504 ], [ -85.377674103170008, 13.317795503968471 ], [ -85.37758580750419, 13.317852338929892 ], [ -85.377453458616714, 13.31792324213137 ], [ -85.377286316172842, 13.318084805122977 ], [ -85.377285359981244, 13.318228296786852 ], [ -85.377416791203089, 13.318295146608762 ], [ -85.377628866757817, 13.318353900901956 ], [ -85.377965916221171, 13.31834887896914 ], [ -85.378273327676268, 13.318393891981414 ], [ -85.378413727485054, 13.318516716215507 ], [ -85.378546948325578, 13.318608196189993 ], [ -85.378572136683218, 13.318767998970289 ], [ -85.378591965729555, 13.319090996215293 ], [ -85.378516649819275, 13.31939903603423 ], [ -85.378455986007026, 13.319707169386781 ], [ -85.378291225421719, 13.320244235187529 ], [ -85.378223283050346, 13.320545147477606 ], [ -85.378116890976244, 13.320996386883916 ], [ -85.378105727782469, 13.321755659787467 ], [ -85.378115866709621, 13.322066637046364 ], [ -85.378096355871648, 13.322245885066421 ], [ -85.377961603086902, 13.322310793457598 ], [ -85.377796244453265, 13.322387465075469 ], [ -85.377721667151718, 13.322584298550826 ], [ -85.377756664343408, 13.322829664299796 ], [ -85.377748686955343, 13.323110630278041 ], [ -85.377559424243074, 13.323109420571267 ], [ -85.377394862024403, 13.323066515198033 ], [ -85.377181417968828, 13.323029275746832 ], [ -85.376881823389866, 13.323093130415439 ], [ -85.376624287308175, 13.323258897977677 ], [ -85.376488975347357, 13.323407509629055 ], [ -85.376487260611597, 13.323664598574135 ], [ -85.3766325899375, 13.323844900681173 ], [ -85.376990885877802, 13.324134188396089 ], [ -85.377208881838158, 13.324404641209727 ], [ -85.377219378093869, 13.324661808301132 ], [ -85.377163354644352, 13.324822885213342 ], [ -85.376490416497106, 13.325461452588756 ], [ -85.375246372919477, 13.326336002380257 ], [ -85.375018105716961, 13.326506738729472 ], [ -85.375025239984538, 13.326535483922962 ], [ -85.375017291288529, 13.326628705973498 ], [ -85.37514739333065, 13.326895010888268 ], [ -85.375225876121448, 13.327211208032793 ], [ -85.375231621197301, 13.327448016225789 ], [ -85.375141404960544, 13.327791833539901 ], [ -85.375008188247719, 13.327991876968937 ], [ -85.374802234336798, 13.328112531236741 ], [ -85.374523398651803, 13.328175319424147 ], [ -85.374348296615011, 13.328430102207703 ], [ -85.374157740500394, 13.329170286301176 ], [ -85.374083641217851, 13.329660095470617 ], [ -85.374089619450359, 13.33059286899255 ], [ -85.374158648713788, 13.331227092822507 ], [ -85.374068871554798, 13.331778684684908 ], [ -85.373869177342229, 13.332149601216837 ], [ -85.373714457388928, 13.332277757882563 ], [ -85.373470522652539, 13.33259906339155 ], [ -85.373396152865084, 13.332763608925786 ], [ -85.373313018342714, 13.33314334426557 ], [ -85.37330305222774, 13.333537899453455 ], [ -85.37334509226946, 13.333825163796583 ], [ -85.373408920637218, 13.334141268250065 ], [ -85.373420606777131, 13.334419234535684 ], [ -85.373344219112667, 13.334730378384597 ], [ -85.373210846876646, 13.335273628675514 ], [ -85.373179619688898, 13.335560423933726 ], [ -85.373188875120633, 13.335838091660488 ], [ -85.373327121760013, 13.335982475805972 ], [ -85.373722617204507, 13.33600653744791 ], [ -85.374287344584133, 13.335924059028427 ], [ -85.374572653316235, 13.335990462173701 ], [ -85.374768698029897, 13.336257189351313 ], [ -85.375001138110974, 13.336560024458114 ], [ -85.375153608158826, 13.336769073208586 ], [ -85.375439348689554, 13.336770903962794 ], [ -85.375740749013914, 13.33662216189135 ], [ -85.376137491897381, 13.336459680222195 ], [ -85.376364475181688, 13.336482658710475 ], [ -85.376450766451171, 13.33672715699479 ], [ -85.376368687513207, 13.336949053084599 ], [ -85.376000245263626, 13.337262389113333 ], [ -85.375844850850726, 13.337490989816592 ], [ -85.375814777274186, 13.33760559607491 ], [ -85.375909161246184, 13.337735348358287 ], [ -85.375967392396674, 13.33779312032066 ], [ -85.376619708936119, 13.337761422643021 ], [ -85.376790614610783, 13.337843354470262 ], [ -85.377250850042657, 13.338414312034116 ], [ -85.377450698837805, 13.338660733669563 ], [ -85.377755501462104, 13.338734432833446 ], [ -85.378140794467171, 13.338641232954441 ], [ -85.378427958205961, 13.338613174264498 ], [ -85.378543047675421, 13.338751428491603 ], [ -85.378615398000818, 13.338889410274273 ], [ -85.378545206034858, 13.339343371182586 ], [ -85.37861077260203, 13.339582953829842 ], [ -85.378663929687548, 13.33985235252662 ], [ -85.378815534537694, 13.340008778551296 ], [ -85.379034301392096, 13.340165633030551 ], [ -85.379247083000536, 13.340304512554862 ], [ -85.379337312863754, 13.340508377904353 ], [ -85.379295410090265, 13.340748947475909 ], [ -85.379029778413468, 13.341027070012947 ], [ -85.378536583593004, 13.341368311122965 ], [ -85.378161335678783, 13.341602682117003 ], [ -85.377998497152134, 13.34178766914277 ], [ -85.377821183943126, 13.34200656441844 ], [ -85.377780383958424, 13.342264599826475 ], [ -85.377836700282401, 13.342609355270222 ], [ -85.377883630943771, 13.342896650719625 ], [ -85.377870848950934, 13.343144871664094 ], [ -85.377732687842411, 13.343555775210707 ], [ -85.377671772986531, 13.343899779402316 ], [ -85.377679754735851, 13.344167693153222 ], [ -85.377824504809098, 13.34443648232058 ], [ -85.378047281573018, 13.344724904103277 ], [ -85.37832835600571, 13.34506153069797 ], [ -85.378639057173814, 13.345350514677328 ], [ -85.378870392068364, 13.345820753976669 ], [ -85.378994776720631, 13.346213777594336 ], [ -85.379039092391949, 13.34689328420213 ], [ -85.379122995711867, 13.347496511683056 ], [ -85.379355035076742, 13.347861524325262 ], [ -85.379733170022803, 13.348294436343169 ], [ -85.3799942011387, 13.348707465895579 ], [ -85.380110956907785, 13.349561227397528 ], [ -85.380255967483976, 13.34979175163709 ], [ -85.38049632657993, 13.350008534675384 ], [ -85.380700289316209, 13.350189210933452 ], [ -85.381043133892618, 13.350420999246504 ], [ -85.381151270751971, 13.350687161432933 ], [ -85.381242841889346, 13.351240214015037 ], [ -85.381311905433705, 13.351872046037823 ], [ -85.38139509749287, 13.352582892508288 ], [ -85.381510038039579, 13.352928022298947 ], [ -85.381669180128853, 13.353237559606743 ], [ -85.381827840309583, 13.353399609776671 ], [ -85.38210464851592, 13.353645325074169 ], [ -85.382454825902784, 13.353877158022184 ], [ -85.382775360643961, 13.354159025945231 ], [ -85.382948681739677, 13.354540403001772 ], [ -85.383136563193219, 13.354936221816168 ], [ -85.383362036388334, 13.355188782736592 ], [ -85.383521564231557, 13.355440922590491 ], [ -85.383548723898116, 13.35576396641301 ], [ -85.38351712203665, 13.3561081602738 ], [ -85.383470960983558, 13.35643791139703 ], [ -85.383322121992819, 13.356781356767012 ], [ -85.38318913073212, 13.356945530546852 ], [ -85.383033585323005, 13.357195658857869 ], [ -85.383104325912527, 13.357576380024064 ], [ -85.383134956877868, 13.357928265741887 ], [ -85.383353463024733, 13.35812697009233 ], [ -85.383613797598983, 13.358463461433887 ], [ -85.383977896550704, 13.358806593425525 ], [ -85.384384501651624, 13.359185870232425 ], [ -85.384675847062425, 13.359450808804741 ], [ -85.384812337559381, 13.359770166113638 ], [ -85.385066967074337, 13.360046828109391 ], [ -85.385341029587195, 13.360156199989202 ], [ -85.385860373933639, 13.360111678778573 ], [ -85.386232493297655, 13.360167863413899 ], [ -85.386640574841863, 13.36032592023696 ], [ -85.38699929155365, 13.36056139037526 ], [ -85.387365067133828, 13.360653407066975 ], [ -85.387687902083712, 13.360775045275266 ], [ -85.388047532981616, 13.360873001367096 ], [ -85.388321240789438, 13.361036179531451 ], [ -85.388472506863451, 13.361246411003048 ], [ -85.388525477606933, 13.361545703205628 ], [ -85.388618850679066, 13.362198019132087 ], [ -85.388791667129453, 13.362623011948594 ], [ -85.388873899485404, 13.363113821409511 ], [ -85.388871239855959, 13.363514403106363 ], [ -85.389102008781066, 13.363707203854606 ], [ -85.389540431499753, 13.363895345408441 ], [ -85.390022312964504, 13.363976139587626 ], [ -85.390486644639438, 13.364237351427096 ], [ -85.390773009376943, 13.364542932823269 ], [ -85.391090653934128, 13.364881890496244 ], [ -85.391162978195425, 13.365025849333527 ], [ -85.391271584134415, 13.365223849471288 ], [ -85.391247102683124, 13.365909980286451 ], [ -85.391226580491335, 13.366485154067595 ], [ -85.391322141857316, 13.366808633781707 ], [ -85.391692608744449, 13.367115922450111 ], [ -85.391977983770843, 13.367362878882176 ], [ -85.39223948892537, 13.367525976248011 ], [ -85.3928863308156, 13.367595855843106 ], [ -85.393826795511742, 13.36758986914132 ], [ -85.394210587912752, 13.367729824732196 ], [ -85.394487023608264, 13.367851758606411 ], [ -85.394772708481682, 13.367867920950136 ], [ -85.39532994517073, 13.367821230480358 ], [ -85.395556202015484, 13.367958989167986 ], [ -85.395701427969456, 13.368160808674718 ], [ -85.395707236753054, 13.368390442980168 ], [ -85.395639674499733, 13.368633962809902 ], [ -85.395505544332963, 13.368970333986784 ], [ -85.395450074084266, 13.369601376063681 ], [ -85.394770270241153, 13.370450881280499 ], [ -85.394770322762568, 13.37081201925038 ], [ -85.394988178233504, 13.371112357134244 ], [ -85.395561544962831, 13.371582365271621 ], [ -85.395545370378485, 13.371811860088236 ], [ -85.395922572691816, 13.372395422090113 ], [ -85.396186824811281, 13.37269844521775 ], [ -85.39642144184937, 13.372680799250135 ], [ -85.396772229838888, 13.372826521256949 ], [ -85.39704321013356, 13.373220468943872 ], [ -85.397050703620494, 13.373564913624771 ], [ -85.396979907277156, 13.373927994649803 ], [ -85.396761729825229, 13.374414507347909 ], [ -85.396554271557363, 13.374757589298554 ], [ -85.396395158528321, 13.375177509425827 ], [ -85.39635405086905, 13.375483379875899 ], [ -85.396368972869936, 13.376181834810527 ], [ -85.396282165785522, 13.376381135312124 ], [ -85.395226730824675, 13.378664886955494 ], [ -85.395319687926602, 13.379382970157272 ], [ -85.395293122822324, 13.379705673132719 ], [ -85.395101954411388, 13.379985477672921 ], [ -85.394832150342239, 13.38015118006369 ], [ -85.394447545517735, 13.380130800400559 ], [ -85.394208710316022, 13.380230928191015 ], [ -85.393771540163385, 13.380475447053518 ], [ -85.393662913090637, 13.380635793913211 ], [ -85.39373148556669, 13.381346546877866 ], [ -85.393952997731816, 13.382201769722373 ], [ -85.394058877831952, 13.382812310978215 ], [ -85.394061449996713, 13.383529819943833 ], [ -85.393942439903512, 13.383794535808198 ], [ -85.393743818188042, 13.383908072166646 ], [ -85.393538200687459, 13.38397133999338 ], [ -85.393099272561983, 13.383853751384439 ], [ -85.392572357715807, 13.383742776967411 ], [ -85.39232426415056, 13.383859060016292 ], [ -85.392203998191022, 13.384034605528383 ], [ -85.392204373008354, 13.384060208866341 ] ] ] } },
{ "type": "Feature", "properties": { "OBJECTID": 14, "Cuenca": 55.0, "Nombre_Rio": null, "Categoria": "Terciario", "Tipo_Rio": "Permanente", "Long_Km": 2.0553315354800001, "Shape_Leng": 2055.3314183000002 }, "geometry": { "type": "MultiLineString", "coordinates": [ [ [ -85.368857248734386, 13.306791814823358 ], [ -85.368639287377093, 13.306732618056943 ], [ -85.368402341270155, 13.306560693363867 ], [ -85.368168647769622, 13.306358894021928 ], [ -85.368002326889993, 13.306124642579277 ], [ -85.367976076996229, 13.305942112651701 ], [ -85.36786102648766, 13.305800865718179 ], [ -85.367411922830911, 13.305554433295361 ], [ -85.367067936568063, 13.304957306659521 ], [ -85.366922082924106, 13.304857714768429 ], [ -85.366678413848746, 13.304778420833097 ], [ -85.366431312235136, 13.304755906014092 ], [ -85.366245418397313, 13.304709867632978 ], [ -85.365903097628546, 13.30435669665671 ], [ -85.365586402979886, 13.304060490587309 ], [ -85.365184430077235, 13.303917994898137 ], [ -85.364577483338962, 13.303752655672882 ], [ -85.36440889698801, 13.303765920548512 ], [ -85.364251274783371, 13.3037828435272 ], [ -85.364045675537838, 13.303853268774645 ], [ -85.3638213284854, 13.303988147280185 ], [ -85.363624513964368, 13.304023053189695 ], [ -85.363332049392369, 13.303937463560761 ], [ -85.363034123250856, 13.303756173165052 ], [ -85.362893915549549, 13.303725374816086 ], [ -85.362440017518509, 13.303679003056336 ], [ -85.361950162932033, 13.303895875424278 ], [ -85.361283077616889, 13.304322066793137 ], [ -85.361059468512508, 13.304377816665903 ], [ -85.360738550303367, 13.304352994462674 ], [ -85.360464441299243, 13.30426154057859 ], [ -85.360251741561996, 13.304116671542497 ], [ -85.359954117321479, 13.303709371553945 ], [ -85.359810121224896, 13.303515917089387 ], [ -85.359469022581933, 13.303400114132229 ], [ -85.359236440710433, 13.30348829853045 ], [ -85.358893451795012, 13.303653496714444 ], [ -85.358428851660051, 13.303746161497289 ], [ -85.358061241263812, 13.303941094645191 ], [ -85.35795508556518, 13.304293172925435 ], [ -85.357957484586805, 13.304843260214312 ], [ -85.357739871970978, 13.305427799526978 ], [ -85.357296343350768, 13.306016857642252 ], [ -85.357021883587436, 13.306158579918566 ], [ -85.356520109565807, 13.306258653692183 ], [ -85.353611616369889, 13.306268525926141 ] ] ] } },
{ "type": "Feature", "properties": { "OBJECTID": 15, "Cuenca": 55.0, "Nombre_Rio": null, "Categoria": "Terciario", "Tipo_Rio": "Permanente", "Long_Km": 0.88371875391, "Shape_Leng": 883.71863471100005 }, "geometry": { "type": "MultiLineString", "coordinates": [ [ [ -85.378228003499899, 13.312242856461163 ], [ -85.378441172563285, 13.312544980849507 ], [ -85.378604149780159, 13.312690517977394 ], [ -85.37875620793298, 13.312776590292751 ], [ -85.37892996678147, 13.312638779730989 ], [ -85.379009931325513, 13.31254861110358 ], [ -85.379181796231222, 13.312562661963087 ], [ -85.379405534601688, 13.312732494228399 ], [ -85.379616131643431, 13.312889288355679 ], [ -85.380434827359082, 13.313101777933527 ], [ -85.381122029422414, 13.313196838730377 ], [ -85.381439132948458, 13.313250676223728 ], [ -85.38170375922671, 13.313239408237127 ], [ -85.382044966211964, 13.313092288759663 ], [ -85.382348910814372, 13.312831144438782 ], [ -85.382713743446743, 13.312533357150315 ], [ -85.382886639738061, 13.312391961289599 ], [ -85.383195868000101, 13.312339524260839 ], [ -85.383417787499383, 13.312386377951519 ], [ -85.383549911864236, 13.312495799265159 ], [ -85.383806320039611, 13.312865743620971 ], [ -85.383998613502655, 13.3130321677076 ], [ -85.384415385805568, 13.313243716298937 ], [ -85.384665926421334, 13.313361898189836 ], [ -85.384925771058903, 13.313456425416476 ], [ -85.385186874751412, 13.313486785239601 ] ] ] } },
{ "type": "Feature", "properties": { "OBJECTID": 16, "Cuenca": 55.0, "Nombre_Rio": null, "Categoria": "Terciario", "Tipo_Rio": "Permanente", "Long_Km": 1.9109809659400001, "Shape_Leng": 1910.9808941700001 }, "geometry": { "type": "MultiLineString", "coordinates": [ [ [ -85.378273327676268, 13.318393891981414 ], [ -85.37860940689886, 13.318477771108913 ], [ -85.379192633898839, 13.318911989420279 ], [ -85.379375787073556, 13.318913158558662 ], [ -85.379757797880856, 13.318757748940028 ], [ -85.380059649833541, 13.318537252746381 ], [ -85.380272633234, 13.318459687196203 ], [ -85.38048249925221, 13.318483746946839 ], [ -85.38086004711387, 13.318632044629823 ], [ -85.38107352715474, 13.318663301408817 ], [ -85.381354602250553, 13.318629218493321 ], [ -85.381624261010487, 13.31847548138626 ], [ -85.381770783832309, 13.318476415276939 ], [ -85.381959209057953, 13.318603176700384 ], [ -85.382286860364246, 13.318910199082246 ], [ -85.382560638791972, 13.319055441432134 ], [ -85.382870015540021, 13.319356367311128 ], [ -85.383125082163943, 13.319561280991973 ], [ -85.383564574490649, 13.319576037566629 ], [ -85.383720346877368, 13.319747433708047 ], [ -85.383847165922418, 13.319957509741394 ], [ -85.384047843321952, 13.320078369272043 ], [ -85.384217756022295, 13.320234907864384 ], [ -85.384345885926095, 13.320247681352194 ], [ -85.384553533189745, 13.320224341838912 ], [ -85.384676993579546, 13.320034540075643 ], [ -85.385070698991825, 13.319588612506619 ], [ -85.385187173625425, 13.319517603326213 ], [ -85.385461668405981, 13.319555224095817 ], [ -85.385820384871607, 13.319413608103435 ], [ -85.386074303576606, 13.319239436684162 ], [ -85.386306101229422, 13.319086648672517 ], [ -85.386775025016092, 13.319082454157327 ], [ -85.387126064703395, 13.319177957904461 ], [ -85.387316426645981, 13.319197104653771 ], [ -85.387466946234781, 13.319147835792881 ], [ -85.387573888758197, 13.319040891626063 ], [ -85.387607878234732, 13.318886846000439 ], [ -85.387499022479787, 13.318729502315689 ], [ -85.387512103631238, 13.318598045023588 ], [ -85.387652799476285, 13.318557083982361 ], [ -85.387890741755584, 13.318582511875416 ], [ -85.388330273166517, 13.318591280800508 ], [ -85.388538205127958, 13.318538788878113 ], [ -85.388892896787738, 13.318451352978242 ], [ -85.389051517305361, 13.318341349875279 ], [ -85.389387490875663, 13.318339704676882 ], [ -85.389649618260023, 13.318442600901129 ], [ -85.389837731982325, 13.318617188091791 ], [ -85.389982713752048, 13.318851293793644 ], [ -85.390132852635659, 13.319228929815916 ], [ -85.390270146844784, 13.319579380064887 ], [ -85.390764852418442, 13.320108678398794 ], [ -85.3912720460862, 13.320226691743118 ], [ -85.391995345162968, 13.320164308310115 ], [ -85.392640370775226, 13.319873821503718 ] ] ] } },
{ "type": "Feature", "properties": { "OBJECTID": 17, "Cuenca": 55.0, "Nombre_Rio": "Guapinol", "Categoria": "Terciario", "Tipo_Rio": "Intermitente", "Long_Km": 0.93680473572, "Shape_Leng": 936.80475597199995 }, "geometry": { "type": "MultiLineString", "coordinates": [ [ [ -85.388819091692682, 13.318469547139479 ], [ -85.389283369719934, 13.317847085994483 ], [ -85.38958536603262, 13.317711074784524 ], [ -85.390231957899545, 13.317693721891642 ], [ -85.390594990205855, 13.317637427804643 ], [ -85.391250439685621, 13.317493299106713 ], [ -85.39157370720055, 13.317356630994395 ], [ -85.392112664622616, 13.317101745715615 ], [ -85.392375168769249, 13.316994907348592 ], [ -85.392731317320838, 13.316686247256643 ], [ -85.392982613968869, 13.316538359413308 ], [ -85.393335564935356, 13.316306340337373 ], [ -85.393521003196923, 13.316184438977343 ], [ -85.393920323896396, 13.315994211718367 ], [ -85.394165277206682, 13.315882156689803 ], [ -85.39455088341245, 13.315735117256603 ], [ -85.394797593939131, 13.315625817900861 ], [ -85.39524280878743, 13.315428575574028 ], [ -85.395494629800737, 13.315385920207243 ], [ -85.395818018638167, 13.315230114280363 ], [ -85.396010339734588, 13.314951505533779 ], [ -85.396208603089164, 13.314678725597602 ] ] ] } },
{ "type": "Feature", "properties": { "OBJECTID": 18, "Cuenca": 55.0, "Nombre_Rio": null, "Categoria": "Terciario", "Tipo_Rio": "Intermitente", "Long_Km": 0.84545539747999998, "Shape_Leng": 845.45537699399995 }, "geometry": { "type": "MultiLineString", "coordinates": [ [ [ -85.391995345162968, 13.320164308310115 ], [ -85.392517484563228, 13.320546412678077 ], [ -85.393090731076768, 13.321017609099126 ], [ -85.393374501714163, 13.321115071630169 ], [ -85.393849999325525, 13.321225704175299 ], [ -85.394559489603949, 13.321421524221776 ], [ -85.394992488534541, 13.321496011699521 ], [ -85.395242409086563, 13.321557383080991 ], [ -85.395527779545731, 13.321798352367376 ], [ -85.395672572619986, 13.322062350039246 ], [ -85.395828551049249, 13.322481874440738 ], [ -85.396040699325596, 13.322716401952334 ], [ -85.396313861516873, 13.3229572925138 ], [ -85.396708815135611, 13.323246786362651 ], [ -85.396988831454522, 13.323374117245402 ], [ -85.397252658796091, 13.32341313826447 ], [ -85.397537797018543, 13.323455311788749 ], [ -85.398026563756332, 13.323536969512011 ], [ -85.398519712413858, 13.323619359042182 ] ] ] } },
{ "type": "Feature", "properties": { "OBJECTID": 19, "Cuenca": 55.0, "Nombre_Rio": "La Ceiba", "Categoria": "Terciario", "Tipo_Rio": "Permanente", "Long_Km": 2.5088236176300001, "Shape_Leng": 2508.8238145800001 }, "geometry": { "type": "MultiLineString", "coordinates": [ [ [ -85.378182289020771, 13.321640980103794 ], [ -85.378697567461657, 13.321830610036676 ], [ -85.379097432429347, 13.321928829496029 ], [ -85.379271606215113, 13.322178671544334 ], [ -85.379767435999128, 13.32253579894266 ], [ -85.380274054699058, 13.322739929318864 ], [ -85.380837183767071, 13.323260116558567 ], [ -85.381247011210149, 13.323329696018648 ], [ -85.381344123121508, 13.323416414130106 ], [ -85.381861594430902, 13.323457980396197 ], [ -85.382038061295404, 13.323363439403597 ], [ -85.382345766396455, 13.323365400686772 ], [ -85.382510210877768, 13.323426239693667 ], [ -85.382631600991289, 13.32353463724192 ], [ -85.382766393268554, 13.323463747101542 ], [ -85.382993280700887, 13.323315715107617 ], [ -85.383183019709975, 13.32324517476299 ], [ -85.383408716436989, 13.323276507853857 ], [ -85.383640755238872, 13.323272006153891 ], [ -85.383757073306327, 13.323224913845767 ], [ -85.38386241062922, 13.322992399870166 ], [ -85.383919024647312, 13.322741638122178 ], [ -85.383939364856815, 13.322436832919401 ], [ -85.383983609557419, 13.32220990933747 ], [ -85.384186848965697, 13.322067704068512 ], [ -85.384640792298626, 13.322113643588899 ], [ -85.384917952650895, 13.322301954887084 ], [ -85.385748489101303, 13.322617074916852 ], [ -85.386484003573855, 13.322786757733679 ], [ -85.386702095487436, 13.322837070819221 ], [ -85.386819173502815, 13.322859339225573 ], [ -85.387068601122635, 13.322810700355571 ], [ -85.38740608675225, 13.322741094573018 ], [ -85.38767739756598, 13.322706943941045 ], [ -85.387903990378319, 13.322787307729042 ], [ -85.387961650475759, 13.322931172334817 ], [ -85.387975162767248, 13.323103456236062 ], [ -85.387959464852628, 13.323261205684188 ], [ -85.387855756128715, 13.32343274506829 ], [ -85.387708088422713, 13.323604005156721 ], [ -85.387670364240662, 13.323768789106836 ], [ -85.387720554995695, 13.323934131526707 ], [ -85.387894677091523, 13.32419353555712 ], [ -85.387959568260257, 13.324351795953559 ], [ -85.387863328348644, 13.324501858411304 ], [ -85.38779615516718, 13.324687979604789 ], [ -85.387846299522849, 13.324860497094424 ], [ -85.388029316329224, 13.324883183908144 ], [ -85.388119890709405, 13.325109291650895 ], [ -85.388146345191231, 13.325539955748315 ], [ -85.388233358936063, 13.325676832318198 ], [ -85.388393826682019, 13.325785474766121 ], [ -85.388606244821645, 13.325793999016938 ], [ -85.388603822060006, 13.326159905039939 ], [ -85.388705679077788, 13.326268176062865 ], [ -85.388727041203992, 13.326361586124614 ], [ -85.388960963686728, 13.326441994985387 ], [ -85.389063011881291, 13.326521567418579 ], [ -85.389186753056109, 13.326644327053312 ], [ -85.38933275991954, 13.326724177527506 ], [ -85.389589184991394, 13.326725804989019 ], [ -85.389860262935287, 13.326727525166699 ], [ -85.389984147973891, 13.326828761055737 ], [ -85.390034815412108, 13.326922356090982 ], [ -85.390327256418985, 13.327017485816409 ], [ -85.390707377657876, 13.327149045492364 ], [ -85.390990926863864, 13.327480891175753 ], [ -85.391534009231236, 13.328452951963305 ], [ -85.392146826734461, 13.328851457699953 ], [ -85.392219553074412, 13.329580175584349 ], [ -85.393035764802889, 13.330245441407047 ], [ -85.393175851021667, 13.330297749580643 ], [ -85.393083430485746, 13.330978784141298 ] ] ] } },
{ "type": "Feature", "properties": { "OBJECTID": 20, "Cuenca": 55.0, "Nombre_Rio": null, "Categoria": "Terciario", "Tipo_Rio": "Permanente", "Long_Km": 1.9617335903099999, "Shape_Leng": 1961.73358968 }, "geometry": { "type": "MultiLineString", "coordinates": [ [ [ -85.37645146426658, 13.323439323679301 ], [ -85.375946166339816, 13.323683706000441 ], [ -85.3757913077757, 13.323833388922885 ], [ -85.375532260984983, 13.324225154933385 ], [ -85.374965004728878, 13.324690285567291 ], [ -85.373540934196271, 13.325459640854778 ], [ -85.372902845750076, 13.32565192736312 ], [ -85.372211498441771, 13.325744216019668 ], [ -85.371757361412321, 13.325726952903921 ], [ -85.371167362586831, 13.325574885880995 ], [ -85.370709526410778, 13.325380616909607 ], [ -85.370447123450958, 13.32517803505624 ], [ -85.370364838817366, 13.324920167970303 ], [ -85.370255950766236, 13.324550201273095 ], [ -85.370076302509005, 13.324243876182267 ], [ -85.369729889718116, 13.324004880382466 ], [ -85.369224436909946, 13.323810303295518 ], [ -85.368810924868043, 13.323562504969265 ], [ -85.368587075518619, 13.32325613364622 ], [ -85.368427633736161, 13.322813854349842 ], [ -85.368047247357424, 13.322725310691066 ], [ -85.367806182322624, 13.322255002807506 ], [ -85.367641596735012, 13.32203391433306 ], [ -85.367349061202063, 13.321955501782309 ], [ -85.367094701214697, 13.322011264498915 ], [ -85.366770422407356, 13.322296172386558 ], [ -85.366495883230257, 13.322447469904853 ], [ -85.366213309240337, 13.322340419829242 ], [ -85.365773736320222, 13.322337590166239 ], [ -85.365401321507832, 13.322516955654699 ], [ -85.364020426526821, 13.322311946323886 ], [ -85.363295518180934, 13.322249874472865 ], [ -85.362981108169677, 13.32215616812266 ], [ -85.36225086124854, 13.321798694219757 ], [ -85.36178892179305, 13.321490782645222 ], [ -85.361422741729896, 13.321469286042829 ] ] ] } },
{ "type": "Feature", "properties": { "OBJECTID": 21, "Cuenca": 55.0, "Nombre_Rio": null, "Categoria": "Terciario", "Tipo_Rio": "Intermitente", "Long_Km": 0.66285439502, "Shape_Leng": 662.85440768499996 }, "geometry": { "type": "MultiLineString", "coordinates": [ [ [ -85.365688078742551, 13.319454178001111 ], [ -85.365966664534895, 13.319427271757197 ], [ -85.366238212565577, 13.319357270796043 ], [ -85.366605288214004, 13.319244835000136 ], [ -85.366864584627038, 13.319156138298236 ], [ -85.367207233860782, 13.319069335056291 ], [ -85.367552475230241, 13.318935232349984 ], [ -85.367905139005401, 13.318786827126811 ], [ -85.368147670080162, 13.318673588296756 ], [ -85.368492333655553, 13.318625578800351 ], [ -85.368601408433264, 13.318748252752052 ], [ -85.36898748169412, 13.319080777686374 ], [ -85.369110488343154, 13.319311163441933 ], [ -85.369350040564711, 13.319642746717772 ], [ -85.369647770178602, 13.320039276761127 ], [ -85.3699290866914, 13.320334058083311 ], [ -85.370481266461027, 13.321026390977625 ] ] ] } },
{ "type": "Feature", "properties": { "OBJECTID": 22, "Cuenca": 55.0, "Nombre_Rio": null, "Categoria": "Terciario", "Tipo_Rio": "Intermitente", "Long_Km": 0.96155399670999997, "Shape_Leng": 961.553968747 }, "geometry": { "type": "MultiLineString", "coordinates": [ [ [ -85.361059468512508, 13.304377816665903 ], [ -85.360946471656959, 13.304690975944984 ], [ -85.360964819714241, 13.304940300649941 ], [ -85.360926117461077, 13.305248569745659 ], [ -85.360990890209862, 13.305421184634133 ], [ -85.361072900816993, 13.305783691727122 ], [ -85.36112513429886, 13.306075061020525 ], [ -85.361189719899087, 13.306435336942 ], [ -85.361235267330343, 13.306689410871972 ], [ -85.361309259823301, 13.307102153860209 ], [ -85.361433451158348, 13.307471332664665 ], [ -85.361486736755722, 13.307740692910448 ], [ -85.361542393260919, 13.30802203901799 ], [ -85.361597397764626, 13.308558116559313 ], [ -85.361556332564845, 13.308854412536604 ], [ -85.361554403018403, 13.309141394718186 ], [ -85.361464563889982, 13.30942780904423 ], [ -85.361337088932359, 13.30974268083324 ], [ -85.36109093247255, 13.310032870175812 ], [ -85.360864020727561, 13.310366233323855 ], [ -85.360412289238923, 13.310722061116282 ], [ -85.360089018246356, 13.310858687713798 ], [ -85.359668906650413, 13.310870325042449 ], [ -85.359439331112071, 13.310873626076365 ], [ -85.359091801432996, 13.310986178842946 ], [ -85.358866626783751, 13.311061256105862 ], [ -85.35873800274932, 13.311304370339643 ] ] ] } },
{ "type": "Feature", "properties": { "OBJECTID": 23, "Cuenca": 55.0, "Nombre_Rio": "El Sotano", "Categoria": "Terciario", "Tipo_Rio": "Permanente", "Long_Km": 2.5104430175200001, "Shape_Leng": 2510.44309449 }, "geometry": { "type": "MultiLineString", "coordinates": [ [ [ -85.368857248734386, 13.306791814823358 ], [ -85.368509483616435, 13.307329970145197 ], [ -85.368549788072414, 13.30787552056632 ], [ -85.368576209458837, 13.308306183078914 ], [ -85.368501222436066, 13.308563996751177 ], [ -85.368308830227036, 13.308849756777882 ], [ -85.368100343596666, 13.309350659146736 ], [ -85.368170430729464, 13.309824651247954 ], [ -85.368474849959838, 13.31031449809411 ], [ -85.368985835308649, 13.310590425021273 ], [ -85.369482554268515, 13.310808859628176 ], [ -85.369880412156007, 13.311203640290701 ], [ -85.370092522988315, 13.311438383658723 ], [ -85.370121807697814, 13.311623923173514 ], [ -85.370120247805545, 13.311857096637928 ], [ -85.370051053192824, 13.312161585704384 ], [ -85.369957678975453, 13.312430043863458 ], [ -85.369766905896711, 13.312656024446818 ], [ -85.36961312176085, 13.312828430092226 ], [ -85.369335164291613, 13.31294503130613 ], [ -85.369176955999365, 13.313231011090858 ], [ -85.368959820418794, 13.313564444153268 ], [ -85.368694419825928, 13.313811469503365 ], [ -85.36837053917958, 13.314038984658657 ], [ -85.367868221337517, 13.31420923647887 ], [ -85.367234826724655, 13.314423912859523 ], [ -85.366852714870106, 13.314633541640847 ], [ -85.366468568324606, 13.315068709743418 ], [ -85.365867595297559, 13.315100717285473 ], [ -85.365463654799555, 13.315248790138595 ], [ -85.365109984005969, 13.315547858243624 ], [ -85.364735394572619, 13.315688943453928 ], [ -85.364334701114785, 13.315817562126259 ], [ -85.363781615818681, 13.315890871019141 ], [ -85.363239828630427, 13.315837156173876 ], [ -85.362683292459593, 13.315797693887236 ], [ -85.36250698632135, 13.315868305532685 ], [ -85.362489295357122, 13.316320207882789 ], [ -85.362437096291558, 13.316456192823047 ], [ -85.362261083095873, 13.316483159585744 ], [ -85.361741031588366, 13.316465455360762 ], [ -85.361506213213204, 13.316521339050395 ], [ -85.361159195442198, 13.316617156593862 ], [ -85.360226788935719, 13.316847907326689 ], [ -85.36003680611546, 13.317136065550695 ], [ -85.360026870627564, 13.317523443310867 ], [ -85.359937750266127, 13.317702238983086 ], [ -85.359687078382564, 13.317827374970394 ], [ -85.35917846128055, 13.317924536358017 ], [ -85.358684045563294, 13.31808875415491 ], [ -85.358433991822466, 13.318230634198093 ], [ -85.358247818453734, 13.31831552930676 ], [ -85.358018139269149, 13.318333176360785 ], [ -85.357710702327296, 13.318292922563311 ], [ -85.357290997681844, 13.318242375048035 ], [ -85.3571831292345, 13.318303859252351 ], [ -85.357020794449923, 13.318475004624386 ], [ -85.356859329943433, 13.318517008685202 ], [ -85.356697801754962, 13.318568579257244 ], [ -85.356532196214275, 13.31850054175683 ] ] ] } },
{ "type": "Feature", "properties": { "OBJECTID": 24, "Cuenca": 55.0, "Nombre_Rio": null, "Categoria": "Terciario", "Tipo_Rio": "Intermitente", "Long_Km": 1.3385003353, "Shape_Leng": 1338.5002853799999 }, "geometry": { "type": "MultiLineString", "coordinates": [ [ [ -85.384517713867183, 13.341027600647974 ], [ -85.384911418391567, 13.340587656246646 ], [ -85.385316061861559, 13.340339111779945 ], [ -85.38601385714, 13.340080474990508 ], [ -85.386358077848527, 13.339735877950671 ], [ -85.38681132613641, 13.339523515105288 ], [ -85.387130487093074, 13.339274423404353 ], [ -85.387510624763976, 13.339037677070126 ], [ -85.387804806158798, 13.338872132649806 ], [ -85.388832935284825, 13.338519922314031 ], [ -85.389708928104412, 13.338274363744967 ], [ -85.390553621543361, 13.338295768850127 ], [ -85.391188479970197, 13.338311855320223 ], [ -85.391745299268564, 13.338359038398961 ], [ -85.392467451132532, 13.338478416694633 ], [ -85.393219860956563, 13.338469196706074 ], [ -85.39398203816026, 13.338459854653689 ], [ -85.394333640686597, 13.338455544273421 ], [ -85.394568042701593, 13.338452670718045 ], [ -85.395271248872888, 13.338444047843383 ], [ -85.396037059338212, 13.338434654789189 ] ] ] } },
{ "type": "Feature", "properties": { "OBJECTID": 25, "Cuenca": 55.0, "Nombre_Rio": null, "Categoria": "Terciario", "Tipo_Rio": "Intermitente", "Long_Km": 1.6022121461900001, "Shape_Leng": 1602.2121489000001 }, "geometry": { "type": "MultiLineString", "coordinates": [ [ [ -85.401122254948959, 13.368446488678236 ], [ -85.401411749406535, 13.368564031632507 ], [ -85.401831620674969, 13.36860495094883 ], [ -85.40220276637902, 13.368626427511293 ], [ -85.402516362328953, 13.368484908771498 ], [ -85.403035988294661, 13.368214942627922 ], [ -85.403599353469787, 13.368041316426211 ], [ -85.404007659160911, 13.368014793692552 ], [ -85.404369867102687, 13.367878760389159 ], [ -85.404449635399203, 13.367666007186211 ], [ -85.404707851336397, 13.36740216164465 ], [ -85.404944555835243, 13.367066430674106 ], [ -85.405203525218184, 13.36668779001058 ], [ -85.405477384870167, 13.366273367591255 ], [ -85.405618401819638, 13.366001606945167 ], [ -85.405941398895479, 13.365432274841668 ], [ -85.406109691999646, 13.365098503251408 ], [ -85.406317504792042, 13.364698013483649 ], [ -85.406616138736439, 13.363858030571503 ], [ -85.406706063192374, 13.363562043775037 ], [ -85.406889364818497, 13.362958708514356 ], [ -85.407003021487142, 13.362584605747488 ], [ -85.407345369580597, 13.36142312820431 ], [ -85.407447463604527, 13.360754105888624 ], [ -85.407469514627479, 13.360371579354904 ], [ -85.407520059531052, 13.360113598650035 ], [ -85.407648324184734, 13.359923072766685 ], [ -85.407737446301127, 13.359741866944074 ], [ -85.407919575173409, 13.35924371976928 ], [ -85.408011265361296, 13.358992933462838 ], [ -85.408095651190351, 13.358762126897375 ], [ -85.408261151002847, 13.35830945554404 ], [ -85.408501763479777, 13.357651339311689 ] ] ] } },
{ "type": "Feature", "properties": { "OBJECTID": 26, "Cuenca": 55.0, "Nombre_Rio": null, "Categoria": "Terciario", "Tipo_Rio": "Intermitente", "Long_Km": 3.1002143496499999, "Shape_Leng": 1762.4154941700001 }, "geometry": { "type": "MultiLineString", "coordinates": [ [ [ -85.357951508141397, 13.383746380909074 ], [ -85.357879330413596, 13.383691399836893 ], [ -85.357514290370332, 13.383488133801915 ], [ -85.357017346891396, 13.383284009048927 ], [ -85.356402182072557, 13.383222611369797 ], [ -85.355961236287413, 13.383406289086912 ], [ -85.35572518110321, 13.383634346734617 ], [ -85.355656752403817, 13.383725190149736 ] ], [ [ -85.350448967747511, 13.383677021609545 ], [ -85.349964759176203, 13.38313238965428 ], [ -85.349294689637617, 13.38252533341927 ], [ -85.348827068693922, 13.382321385886517 ], [ -85.348579678878153, 13.382061477419828 ], [ -85.348377918894485, 13.381557924963404 ], [ -85.348188762339518, 13.381355795693846 ], [ -85.347605854187833, 13.380864100679064 ], [ -85.34687590234536, 13.380443192489283 ], [ -85.346247661163929, 13.380152092505153 ], [ -85.346029294016276, 13.379935420422084 ], [ -85.34594322039284, 13.379662216587285 ], [ -85.345798719122243, 13.379359930542947 ], [ -85.345771366524318, 13.379072761359344 ], [ -85.345454623085104, 13.378238415437947 ], [ -85.34504730202201, 13.377790914132406 ], [ -85.344652776154689, 13.377616136689289 ], [ -85.34415497582394, 13.377541129853229 ], [ -85.34364203009811, 13.37753777035641 ], [ -85.34289302508337, 13.377762455747144 ], [ -85.342569522310228, 13.37791817987339 ], [ -85.342217592173157, 13.377944571757798 ], [ -85.34174880915495, 13.377912798889975 ], [ -85.34135497342703, 13.377637574674486 ], [ -85.340990842521734, 13.377305147804535 ], [ -85.340772286447191, 13.377117169651431 ], [ -85.340348650985575, 13.37691349687819 ], [ -85.340265753994871, 13.376890830647557 ] ] ] } },
{ "type": "Feature", "properties": { "OBJECTID": 27, "Cuenca": 55.0, "Nombre_Rio": "El Papayo", "Categoria": "Terciario", "Tipo_Rio": "Permanente", "Long_Km": 1.7906474543299999, "Shape_Leng": 1790.64746328 }, "geometry": { "type": "MultiLineString", "coordinates": [ [ [ -85.35119044322559, 13.335385532518913 ], [ -85.351276168693715, 13.335820252916752 ], [ -85.351199887151253, 13.336264595196218 ], [ -85.350960376991793, 13.337009217339563 ], [ -85.350678169884745, 13.337567017616321 ], [ -85.350542786690312, 13.338082722936983 ], [ -85.350603939470517, 13.338764727379672 ], [ -85.350782725638723, 13.339411622628246 ], [ -85.350790556130349, 13.340057406680613 ], [ -85.350861957174658, 13.34033290500618 ], [ -85.351105045152536, 13.340501898633024 ], [ -85.351531625758156, 13.340624253040895 ], [ -85.351933621779153, 13.34077036263584 ], [ -85.352284909987674, 13.341191176981702 ], [ -85.352515868982721, 13.341348131860276 ], [ -85.352869022682711, 13.341493923628267 ], [ -85.353160391452505, 13.341746935097397 ], [ -85.353305954094466, 13.341891376710956 ], [ -85.35341464061915, 13.342071453172382 ], [ -85.353523784297266, 13.342296624211617 ], [ -85.353522002252546, 13.34255968892899 ], [ -85.35343490334769, 13.34279828373732 ], [ -85.352992622247172, 13.343190024609406 ], [ -85.352561983498063, 13.343665546921756 ], [ -85.352070448346424, 13.344116755774706 ], [ -85.351615789249948, 13.344532329792473 ], [ -85.351344624235693, 13.344901264307655 ], [ -85.351059867717964, 13.345473395873752 ], [ -85.350912031558465, 13.345663762848199 ], [ -85.350434974374025, 13.345780237252381 ], [ -85.34995791590498, 13.345896711601702 ], [ -85.349542240135463, 13.345965753486613 ], [ -85.349249490141489, 13.345916014492634 ], [ -85.348775276023602, 13.345613975007586 ], [ -85.348475436353809, 13.345409532779627 ], [ -85.348353810792958, 13.345336991423979 ], [ -85.34824651290964, 13.34531237648002 ], [ -85.348139019969565, 13.345316459344806 ], [ -85.348036085809824, 13.345368403147015 ], [ -85.347874407826438, 13.345439096996211 ], [ -85.347754943550854, 13.345506510879659 ] ] ] } },
{ "type": "Feature", "properties": { "OBJECTID": 28, "Cuenca": 55.0, "Nombre_Rio": "El Taladro", "Categoria": "Terciario", "Tipo_Rio": "Permanente", "Long_Km": 3.8315375913700001, "Shape_Leng": 3831.5376118499998 }, "geometry": { "type": "MultiLineString", "coordinates": [ [ [ -85.367992359084013, 13.339253849743978 ], [ -85.367935158155319, 13.339043018727883 ], [ -85.367751282538649, 13.338783540524837 ], [ -85.367517919133078, 13.338619407926263 ], [ -85.367156917956123, 13.338550117508785 ], [ -85.366834157048316, 13.338605437492483 ], [ -85.366520330046143, 13.338785179164013 ], [ -85.36592165915765, 13.339192679656241 ], [ -85.365451591335486, 13.339361846635596 ], [ -85.365039943665437, 13.339560087862774 ], [ -85.364744944694209, 13.339845179710263 ], [ -85.364389463736728, 13.340407308226295 ], [ -85.364280331017113, 13.340655332040191 ], [ -85.364016985440813, 13.341099669249971 ], [ -85.363413194646554, 13.341540612473867 ], [ -85.362882283871997, 13.342039423343094 ], [ -85.362202997886754, 13.342809918545118 ], [ -85.361906443242262, 13.343324590619213 ], [ -85.361638324890279, 13.34396859286046 ], [ -85.361416196932836, 13.344311549363706 ], [ -85.361106629919234, 13.344582191947476 ], [ -85.360443630398663, 13.345108841412264 ], [ -85.360040031704074, 13.345849542227098 ], [ -85.359904854739909, 13.346336556881853 ], [ -85.359624978540978, 13.346549989868898 ], [ -85.359155668107007, 13.346604349983776 ], [ -85.358862494986752, 13.346616801102243 ], [ -85.358510124082045, 13.346714966182493 ], [ -85.358246354541109, 13.34671325741088 ], [ -85.357969192780658, 13.346524916473861 ], [ -85.35782662995264, 13.345935657190388 ], [ -85.357596243221437, 13.345331478201039 ], [ -85.357347711013091, 13.345243769678508 ], [ -85.356878888266394, 13.345226380866317 ], [ -85.356556700732838, 13.345195592517792 ], [ -85.356190357167577, 13.345193216594151 ], [ -85.355896311346044, 13.345334805294438 ], [ -85.355527734223713, 13.345662455817642 ], [ -85.355069193726791, 13.346290864373296 ], [ -85.354609484694151, 13.347091458540145 ], [ -85.35437084462778, 13.347706943462175 ], [ -85.354104449904909, 13.348092653249312 ], [ -85.353898518038037, 13.348206112247629 ], [ -85.35357457612524, 13.348433601008241 ], [ -85.353324001267467, 13.348647217427159 ], [ -85.3531012737092, 13.349076258407813 ], [ -85.352790816256856, 13.349476029548869 ], [ -85.352291400127385, 13.349737053945791 ], [ -85.352054989123445, 13.350022507941791 ], [ -85.35195036693969, 13.350323169492174 ], [ -85.351901926418904, 13.350982936879234 ], [ -85.35182554050327, 13.351441627363986 ], [ -85.351558455516809, 13.351927776022224 ], [ -85.351263815483961, 13.352155451663432 ], [ -85.351129297469129, 13.352542015468755 ], [ -85.351008362277298, 13.353086512866721 ], [ -85.350942226321095, 13.353301127010928 ], [ -85.350904965326094, 13.353422039089203 ], [ -85.350698686367281, 13.353585716465942 ], [ -85.350470474145766, 13.353742075562776 ], [ -85.350344889677842, 13.353891928548004 ], [ -85.350195569446711, 13.354299919025408 ], [ -85.350120251020513, 13.354600770158466 ], [ -85.350053039040873, 13.354786876637155 ], [ -85.349898047719549, 13.354950887281438 ], [ -85.349721416591962, 13.355064533782107 ], [ -85.349457151464748, 13.3551345594325 ], [ -85.349295808358363, 13.355155031745461 ], [ -85.348987580292075, 13.35522477032702 ], [ -85.348590011457716, 13.355501995845785 ], [ -85.348383429198265, 13.35581454545976 ], [ -85.348270267729106, 13.356292126995347 ], [ -85.348096452594362, 13.356709521908725 ], [ -85.347838943375407, 13.35686329613177 ], [ -85.347508406255514, 13.35698071918063 ], [ -85.347202862321367, 13.357014598472635 ], [ -85.346872813309886, 13.357060276113009 ], [ -85.346652101372868, 13.357190372722252 ], [ -85.34638246049947, 13.357332108290231 ], [ -85.346137405903548, 13.357450087624574 ], [ -85.345770964311484, 13.357459651751949 ], [ -85.345441322115832, 13.357445540218922 ], [ -85.345169044597455, 13.357351387040598 ] ] ] } },
{ "type": "Feature", "properties": { "OBJECTID": 29, "Cuenca": 55.0, "Nombre_Rio": "Kusuli", "Categoria": "Terciario", "Tipo_Rio": "Permanente", "Long_Km": 16.418607539100002, "Shape_Leng": 5852.0707581999995 }, "geometry": { "type": "MultiLineString", "coordinates": [ [ [ -85.347754943550854, 13.345506510879659 ], [ -85.347428095910288, 13.34589181866089 ], [ -85.347087643980046, 13.346391833589323 ], [ -85.346938178211659, 13.346821346101716 ], [ -85.346874388833825, 13.347581457998666 ], [ -85.34668135089693, 13.347953287721946 ], [ -85.346430965760931, 13.348138197950016 ], [ -85.346224444952654, 13.34833774464181 ], [ -85.346089824409248, 13.348738653196859 ], [ -85.346117373701944, 13.348997125739526 ], [ -85.346218486380167, 13.349213028932839 ], [ -85.34624593811867, 13.349485850381884 ], [ -85.346185759519884, 13.349715051178578 ], [ -85.34597923611868, 13.349914596556948 ], [ -85.345743600893584, 13.350085252554422 ], [ -85.345595594815251, 13.350299530081918 ], [ -85.345535513067531, 13.35051438081002 ], [ -85.345581618179168, 13.350797687363634 ], [ -85.345814616705269, 13.351014452903426 ], [ -85.346069938162387, 13.351181140167439 ], [ -85.346589471606606, 13.35128497843289 ], [ -85.346933108667429, 13.351394843140225 ], [ -85.347079112616115, 13.351474717923407 ], [ -85.347196501616025, 13.351669340622294 ], [ -85.347285543842574, 13.351834582996014 ], [ -85.347318517826238, 13.352372907582016 ], [ -85.347236638938796, 13.35274008063665 ], [ -85.347176472158367, 13.352870252202564 ], [ -85.347021522088724, 13.353428914040336 ], [ -85.346813888675669, 13.353791081000562 ], [ -85.346664937339099, 13.35414406563306 ], [ -85.346614135787334, 13.354430724849459 ], [ -85.346639405820724, 13.355024005429474 ], [ -85.346530118159052, 13.35529115063445 ], [ -85.346323198792959, 13.355548092198202 ], [ -85.346155813761072, 13.355738326614929 ], [ -85.346134449941658, 13.356006045733853 ], [ -85.346083517711378, 13.356311836857039 ], [ -85.345993310078484, 13.356646070490452 ], [ -85.345500642369899, 13.357078521047832 ], [ -85.345169044597455, 13.357351387040598 ], [ -85.345033896784742, 13.357470083488627 ], [ -85.345055712856436, 13.35785288168139 ], [ -85.345151859728176, 13.35808071079849 ], [ -85.345223583036798, 13.358308381180837 ], [ -85.345220811622411, 13.35871493426119 ], [ -85.345156717192509, 13.358980579560054 ], [ -85.344921217733869, 13.359129710697326 ], [ -85.344663883542566, 13.359257174085865 ], [ -85.344428971676876, 13.359320211402959 ], [ -85.344246067055607, 13.359344086976682 ], [ -85.344061581214149, 13.359468479163231 ], [ -85.344016345172292, 13.359654727049625 ], [ -85.344058252875158, 13.359956341983446 ], [ -85.344174314263782, 13.36012929534041 ], [ -85.344349042857019, 13.360295458031542 ], [ -85.344513319012648, 13.360427472272772 ], [ -85.344486121998301, 13.360833864514918 ], [ -85.34441040215745, 13.361192108263353 ], [ -85.344394844813152, 13.361682282858675 ], [ -85.344296168776225, 13.361825132667356 ], [ -85.344100691965096, 13.36183581181281 ], [ -85.343893003121252, 13.361846411814252 ], [ -85.34380686426131, 13.361941511391276 ], [ -85.343793428157966, 13.362120792884783 ], [ -85.343852938825663, 13.362348383673645 ], [ -85.343925069659335, 13.362516266319169 ], [ -85.34392384562959, 13.362695627716539 ], [ -85.343824679196345, 13.362910222527084 ], [ -85.343773952875338, 13.363184923134295 ], [ -85.343794051527027, 13.363818825926202 ], [ -85.343731275950205, 13.364069532983978 ], [ -85.343502675553509, 13.364638430694622 ], [ -85.343488993920275, 13.364853584718597 ], [ -85.34362112564682, 13.365177313992486 ], [ -85.343533435134077, 13.365499604497991 ], [ -85.343239439322957, 13.365629217319416 ], [ -85.342701114424287, 13.365769187585338 ], [ -85.342394170431078, 13.36600633626302 ], [ -85.342014278384127, 13.366195174602485 ], [ -85.341866993264205, 13.366301831282794 ], [ -85.341890029322343, 13.366505266943596 ], [ -85.341986665848268, 13.366661353787544 ], [ -85.342046420531503, 13.366853072260866 ], [ -85.342057815587452, 13.366972726385102 ], [ -85.341935038106627, 13.367067584952158 ], [ -85.341751578711126, 13.367106243197677 ], [ -85.341593061559678, 13.367069330163377 ], [ -85.341441345957506, 13.366930819279155 ], [ -85.341199672429738, 13.366552560706044 ], [ -85.340951403339929, 13.366246005296698 ], [ -85.340739117250735, 13.366035350423237 ], [ -85.340537857793962, 13.365998156567082 ], [ -85.340390859474908, 13.366062961608138 ], [ -85.340249189588533, 13.366241400641346 ], [ -85.340069205531137, 13.366664727204345 ], [ -85.33990729322754, 13.367124045378333 ], [ -85.339745626660644, 13.367547490816328 ], [ -85.339653905672265, 13.368041349126923 ], [ -85.339674905492444, 13.368184982657532 ], [ -85.339813342501103, 13.368300686896282 ], [ -85.340009859493378, 13.368495694740533 ], [ -85.340067497500698, 13.368639567729346 ], [ -85.340081121441074, 13.368790327152871 ], [ -85.340116482889655, 13.368977102445566 ], [ -85.340204020250013, 13.369035074660577 ], [ -85.340306605423578, 13.369035747616595 ], [ -85.34043151722129, 13.368986344226368 ], [ -85.340623259600193, 13.368808232785579 ], [ -85.340770154215079, 13.368758972474186 ], [ -85.340880164495132, 13.368745344386914 ], [ -85.340997258301371, 13.368767636875546 ], [ -85.341099058311514, 13.368883100280877 ], [ -85.341171450224337, 13.369012720339034 ], [ -85.341251415510882, 13.369106516757203 ], [ -85.341448817440991, 13.369172384032609 ], [ -85.341756180945666, 13.369231796692096 ], [ -85.341887684931464, 13.369290056536281 ], [ -85.341975124805231, 13.369362377053214 ], [ -85.342037307728191, 13.369913487953175 ], [ -85.342013779112222, 13.370496880533482 ], [ -85.341963227999983, 13.370745274117427 ], [ -85.341932740483514, 13.370917269141984 ], [ -85.341999692078986, 13.371128167809891 ], [ -85.342125003819902, 13.371377713966931 ], [ -85.342309067364653, 13.37160851213152 ], [ -85.342316940837591, 13.371885988527657 ], [ -85.342304489878103, 13.372278126791198 ], [ -85.342185547602654, 13.372526072172038 ], [ -85.342005477312838, 13.372812679956445 ], [ -85.34195433670989, 13.373147166534354 ], [ -85.34180492175031, 13.373564714942617 ], [ -85.341423953435438, 13.373908997424497 ], [ -85.341153144123737, 13.374218127570616 ], [ -85.341040202201768, 13.374659829999308 ], [ -85.341111679066586, 13.374923373035259 ], [ -85.341306102831709, 13.375068143100371 ], [ -85.341708063476489, 13.37522623261159 ], [ -85.34171905021951, 13.375405673713139 ], [ -85.341827493251841, 13.375621627097802 ], [ -85.342070115592861, 13.3758623765733 ], [ -85.342325359981373, 13.376043418902043 ], [ -85.342309311749943, 13.376246996944928 ], [ -85.342155423522925, 13.376425357225665 ], [ -85.341941042863695, 13.376519615558182 ], [ -85.341745267951339, 13.376572142197221 ], [ -85.341268923170347, 13.376574997445781 ], [ -85.340902535085235, 13.376572593899125 ], [ -85.340657908071776, 13.376624799149077 ], [ -85.340400495168311, 13.376760626284117 ], [ -85.340118001435059, 13.376991951368321 ], [ -85.339957758696116, 13.377206142498455 ], [ -85.339888335874022, 13.377534528790441 ], [ -85.339825469197677, 13.377797190939472 ], [ -85.339683094792434, 13.378077267153722 ], [ -85.339186483020654, 13.378601349409493 ], [ -85.338705175826362, 13.378971274468944 ], [ -85.338420062958804, 13.379227691279254 ], [ -85.338067146265459, 13.379397566145286 ], [ -85.337773048528987, 13.379539127357058 ], [ -85.337537573994013, 13.379681073674314 ], [ -85.337251802786, 13.380033149133034 ], [ -85.337132062261134, 13.380395881384448 ], [ -85.336952649019906, 13.380911282410951 ], [ -85.336783464694591, 13.381359786706497 ], [ -85.336560047844785, 13.381731602104924 ], [ -85.336205878302565, 13.382083224893774 ], [ -85.336078007852464, 13.382206745685274 ], [ -85.336037939746774, 13.382349976378576 ], [ -85.335956950213884, 13.382760794554439 ], [ -85.335798650603351, 13.383046742131908 ], [ -85.335561987653747, 13.383360872429407 ], [ -85.335379615324456, 13.38353703772751 ] ] ] } },
{ "type": "Feature", "properties": { "OBJECTID": 30, "Cuenca": 55.0, "Nombre_Rio": null, "Categoria": "Terciario", "Tipo_Rio": "Intermitente", "Long_Km": 1.08054168747, "Shape_Leng": 1080.54166994 }, "geometry": { "type": "MultiLineString", "coordinates": [ [ [ -85.360867636222466, 13.333245722206678 ], [ -85.361184554958982, 13.333331477159293 ], [ -85.361733561662163, 13.333406772111438 ], [ -85.362307151303185, 13.333458308831506 ], [ -85.362686172003777, 13.333389007475935 ], [ -85.362991524966361, 13.333379019623049 ], [ -85.363333510091181, 13.33336926868331 ], [ -85.363797121634491, 13.333432050283575 ], [ -85.364260010672638, 13.33360244943885 ], [ -85.364551544300127, 13.333831533439639 ], [ -85.364805963847147, 13.334132125381668 ], [ -85.365184310049528, 13.334351006431913 ], [ -85.365332561462168, 13.334464207711957 ], [ -85.365500187629976, 13.334592204360579 ], [ -85.365825856958907, 13.334787784689626 ], [ -85.366303498962992, 13.334943925902216 ], [ -85.366731398945987, 13.33523367579879 ], [ -85.366964052139053, 13.335503035564251 ], [ -85.367077295158282, 13.336096886634493 ], [ -85.36708671960119, 13.336602775138786 ], [ -85.367101012943721, 13.336929323371319 ], [ -85.367052427549865, 13.337617797532742 ], [ -85.367078457688422, 13.338105855585473 ], [ -85.367143433669924, 13.338249770944984 ], [ -85.367164546884027, 13.338379054136581 ], [ -85.367156917956123, 13.338550117508785 ] ] ] } },
{ "type": "Feature", "properties": { "OBJECTID": 31, "Cuenca": 55.0, "Nombre_Rio": null, "Categoria": "Terciario", "Tipo_Rio": "Intermitente", "Long_Km": 1.0303818956099999, "Shape_Leng": 1030.3819348899999 }, "geometry": { "type": "MultiLineString", "coordinates": [ [ [ -85.359036725312791, 13.357094779378452 ], [ -85.357978481580389, 13.356466101602411 ], [ -85.357418670082197, 13.356175477923244 ], [ -85.356837622737729, 13.355895119387775 ], [ -85.356172089776464, 13.355617160741989 ], [ -85.355532391865651, 13.355311665176901 ], [ -85.355348786045212, 13.355253234487945 ], [ -85.355057327926247, 13.355221286507925 ], [ -85.354383799750238, 13.355282839478187 ], [ -85.354078501100744, 13.355280855492023 ], [ -85.353760585384876, 13.355338579222085 ], [ -85.353455530017428, 13.355300722545911 ], [ -85.353017036766161, 13.355130458862146 ], [ -85.352737865526009, 13.354877525064669 ], [ -85.352593432160972, 13.35456567741025 ], [ -85.352340714678562, 13.354013965021343 ], [ -85.352061951103039, 13.353701243266912 ], [ -85.351526578473326, 13.353410766965402 ], [ -85.3512736646652, 13.353278181266925 ], [ -85.351146162120003, 13.353207037924546 ], [ -85.350993210224345, 13.353135681839948 ] ] ] } },
{ "type": "Feature", "properties": { "OBJECTID": 32, "Cuenca": 55.0, "Nombre_Rio": null, "Categoria": "Terciario", "Tipo_Rio": "Intermitente", "Long_Km": 1.39079556387, "Shape_Leng": 1390.7956389000001 }, "geometry": { "type": "MultiLineString", "coordinates": [ [ [ -85.336278626138352, 13.343198530889579 ], [ -85.337443901079638, 13.344229776316896 ], [ -85.337803196628769, 13.344547822769414 ], [ -85.338609252359689, 13.345251451866568 ], [ -85.338881151618565, 13.345492393158748 ], [ -85.33917187066659, 13.345838686637631 ], [ -85.339495747556214, 13.346515237543251 ], [ -85.339515021702454, 13.347268714147512 ], [ -85.339426191075376, 13.347758407750769 ], [ -85.339251797179841, 13.348259498223149 ], [ -85.339066662658368, 13.348545275582127 ], [ -85.3387204070102, 13.349176776002873 ], [ -85.338006601826535, 13.350457173510293 ], [ -85.337905963948444, 13.350886998849862 ], [ -85.337757542694646, 13.351161057922386 ], [ -85.337178438807157, 13.351910606596087 ], [ -85.336649078167184, 13.352528943122653 ], [ -85.336479346438324, 13.353120542819301 ], [ -85.336637003590695, 13.353638160331526 ] ] ] } },
{ "type": "Feature", "properties": { "OBJECTID": 33, "Cuenca": 55.0, "Nombre_Rio": "La Chita", "Categoria": "Terciario", "Tipo_Rio": "Intermitente", "Long_Km": 3.1922065183399999, "Shape_Leng": 3192.20642486 }, "geometry": { "type": "MultiLineString", "coordinates": [ [ [ -85.330027479385137, 13.338070552715864 ], [ -85.330021483690786, 13.338943439778269 ], [ -85.32993173493017, 13.339564659275331 ], [ -85.329815921648773, 13.340424865002735 ], [ -85.329676177455198, 13.34121316472006 ], [ -85.329635024406926, 13.341870578092378 ], [ -85.329645756220643, 13.342085890474005 ], [ -85.329890980803938, 13.342630295871704 ], [ -85.330083993974469, 13.342975954251841 ], [ -85.330295755328578, 13.343436532524262 ], [ -85.33050771546695, 13.343868413106978 ], [ -85.330660931020432, 13.344319039560752 ], [ -85.330716587929359, 13.344749890509286 ], [ -85.330702251475643, 13.345133245875219 ], [ -85.330642060237523, 13.345362441461296 ], [ -85.330589737366509, 13.345512765536428 ], [ -85.330572175653998, 13.345935959875881 ], [ -85.330577038269467, 13.346294728965891 ], [ -85.330632518102632, 13.346798760460405 ], [ -85.33067919397719, 13.347114756664446 ], [ -85.330597492539752, 13.347630799337983 ], [ -85.33034991145982, 13.348117050016155 ], [ -85.3301907776045, 13.348527352592718 ], [ -85.330130781926655, 13.348727850261938 ], [ -85.330080620741455, 13.348918845826688 ], [ -85.329883198579793, 13.349214100201948 ], [ -85.32972590470132, 13.349356557655092 ], [ -85.329350961528888, 13.349775800711917 ], [ -85.329203305186255, 13.349937454191227 ], [ -85.329182713720613, 13.350090379611149 ], [ -85.328994071212136, 13.350529185256379 ], [ -85.328640074756706, 13.350861670335913 ], [ -85.328168846467278, 13.351193382051267 ], [ -85.327942375648391, 13.351450176953 ], [ -85.327832476820532, 13.351803404550008 ], [ -85.327848327425897, 13.352339222143382 ], [ -85.327972671321831, 13.352726043773755 ], [ -85.327990431099039, 13.35298445060551 ], [ -85.327891750349551, 13.353127293394515 ], [ -85.327695770898657, 13.353212096966473 ], [ -85.327440910961002, 13.353334775473186 ], [ -85.327282888990879, 13.35358245545865 ], [ -85.327259132829582, 13.354194541834287 ], [ -85.327246464321576, 13.354615375561439 ], [ -85.327116628012234, 13.355025868464105 ], [ -85.326850745257616, 13.355330233126999 ], [ -85.326781501892228, 13.355454137816356 ], [ -85.326672258174469, 13.355711705407105 ], [ -85.326685725582706, 13.356061203215697 ], [ -85.326683088440006, 13.356443838230946 ], [ -85.326533447806838, 13.356892464483941 ], [ -85.326414301946869, 13.357169100142093 ], [ -85.32644189583246, 13.357418005878531 ], [ -85.326567711861614, 13.357591030296406 ], [ -85.32703453873124, 13.357900237029511 ], [ -85.327365186513532, 13.358122446085524 ], [ -85.327685999816211, 13.358354155793497 ], [ -85.327870567107013, 13.358508435790435 ], [ -85.327967339654961, 13.358643003055464 ], [ -85.32807335536819, 13.358854161853834 ], [ -85.328302740805725, 13.35926882041165 ], [ -85.328470415059456, 13.359748242623711 ], [ -85.328758810551719, 13.360431745333877 ], [ -85.328926732334452, 13.36087529502473 ], [ -85.329022288794036, 13.361186830491675 ], [ -85.329018583997254, 13.361724910642989 ], [ -85.328882851196042, 13.361927298207785 ], [ -85.328564183245788, 13.362092604719109 ], [ -85.328048500640421, 13.362403092869208 ], [ -85.327692206877259, 13.362711643711521 ], [ -85.327808725301708, 13.363525548252891 ] ] ] } },
{ "type": "Feature", "properties": { "OBJECTID": 34, "Cuenca": 55.0, "Nombre_Rio": null, "Categoria": "Terciario", "Tipo_Rio": "Intermitente", "Long_Km": 1.7312878056800001, "Shape_Leng": 1731.2878068 }, "geometry": { "type": "MultiLineString", "coordinates": [ [ [ -85.313612363778944, 13.357223711882337 ], [ -85.314428145919578, 13.35757592006475 ], [ -85.315011158673755, 13.358034196504075 ], [ -85.315205303120365, 13.358214855515241 ], [ -85.315617934212753, 13.35858829274836 ], [ -85.315946658950708, 13.358733972773082 ], [ -85.316408636596279, 13.359035990457251 ], [ -85.316749243480146, 13.359229580007176 ], [ -85.317310079477338, 13.359364843870571 ], [ -85.317736668056639, 13.359487256929626 ], [ -85.318737631192988, 13.359553695109671 ], [ -85.319088674168412, 13.359563360255756 ], [ -85.319440509716031, 13.359546564085539 ], [ -85.31999856663586, 13.359378074555181 ], [ -85.320498004854429, 13.359209195762684 ], [ -85.320967803095883, 13.359087949972462 ], [ -85.321446047188189, 13.359158085423186 ], [ -85.321972610594301, 13.359305069655944 ], [ -85.322615352503618, 13.359605883264194 ], [ -85.323160927672021, 13.359829521510894 ], [ -85.323608677336296, 13.360071643753862 ], [ -85.3239780718894, 13.360341945349576 ], [ -85.324386282139855, 13.360650768150668 ], [ -85.324696532579907, 13.360997207790101 ], [ -85.325045664973857, 13.361372603195957 ], [ -85.325394975832367, 13.361722289812459 ], [ -85.325759655758688, 13.36196864181859 ], [ -85.326344351989718, 13.362187750290682 ], [ -85.3268429824886, 13.362313614540961 ], [ -85.327234526261705, 13.362383176764379 ], [ -85.327558305939704, 13.362540160593317 ], [ -85.327692206877259, 13.362711643711521 ] ] ] } },
{ "type": "Feature", "properties": { "OBJECTID": 35, "Cuenca": 55.0, "Nombre_Rio": null, "Categoria": "Terciario", "Tipo_Rio": "Intermitente", "Long_Km": 0.87623920518999998, "Shape_Leng": 876.23932531399998 }, "geometry": { "type": "MultiLineString", "coordinates": [ [ [ -85.320508882658416, 13.35211054014991 ], [ -85.320929480487379, 13.35274470283885 ], [ -85.321219484468415, 13.353191456688537 ], [ -85.32136433760067, 13.353436356156344 ], [ -85.321537111351589, 13.353882332804863 ], [ -85.321534433488054, 13.354269749178087 ], [ -85.321398479768661, 13.354857173504723 ], [ -85.321322432027074, 13.355258452876685 ], [ -85.321392131094001, 13.3557754942098 ], [ -85.321449061043239, 13.356019810952906 ], [ -85.321765401883169, 13.356897221408849 ], [ -85.322090372374291, 13.357480526146384 ], [ -85.322263049393854, 13.357940851377407 ], [ -85.322406715962231, 13.358357936197111 ], [ -85.322476516620014, 13.358860627862612 ], [ -85.322458788258317, 13.359305342062321 ], [ -85.322457691007173, 13.35953209565448 ] ] ] } },
{ "type": "Feature", "properties": { "OBJECTID": 36, "Cuenca": 55.0, "Nombre_Rio": null, "Categoria": "Terciario", "Tipo_Rio": "Intermitente", "Long_Km": 1.1027264082299999, "Shape_Leng": 1102.72645582 }, "geometry": { "type": "MultiLineString", "coordinates": [ [ [ -85.334745839793314, 13.359623342421189 ], [ -85.334840779326797, 13.360025752645873 ], [ -85.334818221787032, 13.360465654965088 ], [ -85.334748324108119, 13.360685220530065 ], [ -85.334637838231842, 13.361124545270044 ], [ -85.334674554509476, 13.36146917468664 ], [ -85.334886797243954, 13.361862789683981 ], [ -85.335041012046702, 13.36216992614353 ], [ -85.335282696320377, 13.362544602565892 ], [ -85.335339936680029, 13.362745872358023 ], [ -85.335348197757469, 13.362965952042725 ], [ -85.335248806562916, 13.363461312387516 ], [ -85.335148221362729, 13.36388156852834 ], [ -85.334792963204009, 13.364395813645267 ], [ -85.334615924003444, 13.364566842203793 ], [ -85.334281517068504, 13.364889896333747 ], [ -85.334084544020413, 13.365118191030938 ], [ -85.333963623510741, 13.365535124423841 ], [ -85.334070496752489, 13.365978270063282 ], [ -85.334238514304644, 13.366409860457457 ], [ -85.334224248560602, 13.366708714156324 ], [ -85.334198920954123, 13.366840084191075 ], [ -85.334171047860735, 13.367342132285703 ], [ -85.334411929330244, 13.367833991853335 ], [ -85.334516857317368, 13.368264170804258 ], [ -85.334574702837671, 13.368644214931287 ], [ -85.334571416283922, 13.368851543060424 ] ] ] } },
{ "type": "Feature", "properties": { "OBJECTID": 37, "Cuenca": 55.0, "Nombre_Rio": "El Corozal", "Categoria": "Terciario", "Tipo_Rio": "Permanente", "Long_Km": 6.1977841424399998, "Shape_Leng": 6197.7843419000001 }, "geometry": { "type": "MultiLineString", "coordinates": [ [ [ -85.377839296666338, 13.370375225314172 ], [ -85.377767576937515, 13.370286876418326 ], [ -85.377529644451442, 13.370070103860925 ], [ -85.377286604799806, 13.36988678225913 ], [ -85.377044140711135, 13.369617364914399 ], [ -85.376870388392533, 13.369300555499954 ], [ -85.376747025149683, 13.368754473749334 ], [ -85.376604376857472, 13.368170001721618 ], [ -85.376449335143988, 13.367977677045648 ], [ -85.376332604649733, 13.36790039589294 ], [ -85.37611810997879, 13.367832054381759 ], [ -85.375933053040228, 13.36774476838594 ], [ -85.375652024707904, 13.367398570422049 ], [ -85.375487213508194, 13.367206182567463 ], [ -85.375241513062193, 13.366934351399378 ], [ -85.374900712617006, 13.366759966458062 ], [ -85.374394653310773, 13.366460154814058 ], [ -85.374024415797393, 13.366304712064551 ], [ -85.373780227500546, 13.366293576815528 ], [ -85.373477675382247, 13.366243799736234 ], [ -85.373223525041638, 13.366261299332091 ], [ -85.372948871910651, 13.366422163844531 ], [ -85.372516548918355, 13.366782909796369 ], [ -85.372232253372701, 13.366924578167058 ], [ -85.371860539378645, 13.366989152647459 ], [ -85.371537676940079, 13.367054040038616 ], [ -85.371156449823232, 13.367080285784494 ], [ -85.370696419178458, 13.367201688729507 ], [ -85.370304201059398, 13.367409625624015 ], [ -85.369970602953174, 13.367617939460745 ], [ -85.36968656239587, 13.367721339925906 ], [ -85.369334708981867, 13.367738205891738 ], [ -85.368914722433345, 13.367716365785094 ], [ -85.368434484417307, 13.367646065331545 ], [ -85.367836305589137, 13.367606333905663 ], [ -85.367212897352744, 13.367686018199203 ], [ -85.366833339365016, 13.367827066210907 ], [ -85.366587395395925, 13.368076598142663 ], [ -85.36637599547015, 13.368637262608987 ], [ -85.36627587830354, 13.368995357542278 ], [ -85.366224449852481, 13.369377684398254 ], [ -85.366086968427794, 13.369843160737359 ], [ -85.365742110399353, 13.370271423740585 ], [ -85.365172703668918, 13.370794298684189 ], [ -85.364890277271854, 13.371019675959479 ], [ -85.364706520810557, 13.371102195191941 ], [ -85.364217686927674, 13.371146866324578 ], [ -85.363252633238105, 13.371176498828776 ], [ -85.362824540374902, 13.371269392607932 ], [ -85.362542515198243, 13.371434980188477 ], [ -85.362211316102332, 13.371648081434326 ], [ -85.36196560588273, 13.371861734863268 ], [ -85.361743755974132, 13.372159249412304 ], [ -85.361570029028158, 13.372564698012278 ], [ -85.361409726210937, 13.37279086178901 ], [ -85.361213835583243, 13.372861340821958 ], [ -85.360971969918353, 13.372874821142267 ], [ -85.360747835360797, 13.372787271014921 ], [ -85.360542918439478, 13.372747676705627 ], [ -85.360386464200886, 13.372765795731112 ], [ -85.360219593088672, 13.372879510901461 ], [ -85.360081773856621, 13.373031680528321 ], [ -85.359905197158568, 13.373135766423195 ], [ -85.359670774270953, 13.373124680188099 ], [ -85.359476403969069, 13.3729703565475 ], [ -85.359340979119764, 13.372768583704998 ], [ -85.35926559998957, 13.372356737911257 ], [ -85.359375597095195, 13.371984360687538 ], [ -85.359583943661676, 13.371516957399178 ], [ -85.359880608332389, 13.370992727997207 ], [ -85.360070770613618, 13.370324310702115 ], [ -85.360123049832026, 13.369817628698783 ], [ -85.360074181166922, 13.369482805497748 ], [ -85.359987752921299, 13.369259825813781 ], [ -85.359813055102535, 13.369086498006157 ], [ -85.35952106680412, 13.368919584003667 ], [ -85.359103879671622, 13.368845130689088 ], [ -85.358774235386591, 13.368828643009994 ], [ -85.358503551660846, 13.368762313364263 ], [ -85.358182545919959, 13.368552160888857 ], [ -85.357847468501376, 13.368255819133177 ], [ -85.357519428440327, 13.36800257149385 ], [ -85.357168385635589, 13.367899845372209 ], [ -85.356883048487134, 13.367833419008697 ], [ -85.356561122000826, 13.367759580353106 ], [ -85.356363813787738, 13.367679375569695 ], [ -85.356116038165808, 13.367476871719054 ], [ -85.355832112114953, 13.367202383932378 ], [ -85.355437362963286, 13.366926429047549 ], [ -85.355047275631335, 13.366818662990912 ], [ -85.35451024857214, 13.366767339251243 ], [ -85.354149472041087, 13.366659762473228 ], [ -85.353906519862093, 13.366466854211629 ], [ -85.353655551141586, 13.366015601238438 ], [ -85.353539804758199, 13.365794820183652 ], [ -85.353326033893097, 13.365621234415444 ], [ -85.353052929426653, 13.365552492876722 ], [ -85.352662585931526, 13.365482987038019 ], [ -85.352340761859281, 13.365394794574021 ], [ -85.35219473267496, 13.365317312477172 ], [ -85.351981807986959, 13.365019367718494 ], [ -85.351757944493045, 13.364893547274724 ], [ -85.351611850830551, 13.364825630546449 ], [ -85.351338422945688, 13.364804716467379 ], [ -85.351142633653922, 13.364860839217686 ], [ -85.350760632137295, 13.365001846663281 ], [ -85.350437508927882, 13.365104971168844 ], [ -85.350066056045549, 13.365131248898717 ], [ -85.349773088958926, 13.365110205718905 ], [ -85.349588110855478, 13.365013335217212 ], [ -85.349413163721579, 13.364878265756438 ], [ -85.349258341697819, 13.364657228359491 ], [ -85.349112719600498, 13.364620691634389 ], [ -85.348887685598527, 13.36466705577134 ], [ -85.348750125704385, 13.364780954675979 ], [ -85.34868994385134, 13.36501015563724 ], [ -85.348706489064057, 13.365450316896428 ], [ -85.348617127385381, 13.365660194379302 ], [ -85.34848940149584, 13.36576459116856 ], [ -85.348174239546751, 13.365774492046642 ], [ -85.347991337983828, 13.365731445400456 ], [ -85.34772942290347, 13.365634071324727 ], [ -85.34749873045655, 13.365435259155761 ], [ -85.347279191723061, 13.365391971898836 ], [ -85.347095679702562, 13.365438605479449 ], [ -85.346917866838311, 13.365545066016404 ], [ -85.346782674902173, 13.365669741077333 ], [ -85.346745059468034, 13.365812991564363 ], [ -85.346651796658904, 13.366057520164636 ], [ -85.34649726669609, 13.366331544221845 ], [ -85.34622659510616, 13.366622745382772 ], [ -85.346121688810172, 13.366783492167654 ], [ -85.346170834876887, 13.367098706608429 ], [ -85.346335294399211, 13.367338940802814 ], [ -85.346392284049287, 13.367578472624194 ], [ -85.346390588587724, 13.367827186981147 ], [ -85.346261817157398, 13.368084636873137 ], [ -85.346054820672592, 13.368351142293221 ], [ -85.345730451985219, 13.368636013117937 ], [ -85.34539585602883, 13.368987780676733 ], [ -85.345287014812229, 13.369187962130978 ], [ -85.345127887817185, 13.369598275697223 ], [ -85.344958532576811, 13.370075485380395 ], [ -85.344780646313808, 13.370370878838141 ], [ -85.344524468776115, 13.370684892787834 ], [ -85.344386446224505, 13.370865750626121 ], [ -85.344355764451038, 13.371066442974533 ], [ -85.344239816771605, 13.371681120323224 ], [ -85.344077866714642, 13.372146419691401 ], [ -85.344085997373881, 13.3727443705542 ], [ -85.344169363310272, 13.373055822888228 ], [ -85.344239210324361, 13.373558513776761 ], [ -85.34425003479592, 13.373761869468874 ], [ -85.344062840880937, 13.374346583760072 ], [ -85.343616643246193, 13.375300296914657 ], [ -85.343380269452553, 13.375574897215904 ], [ -85.343240846163354, 13.37560268287085 ], [ -85.34302116162705, 13.375579719796956 ], [ -85.342831326578207, 13.375478029455515 ], [ -85.342590786766024, 13.37528990882349 ], [ -85.342320887464695, 13.375108770762559 ], [ -85.342145464133964, 13.375043048617979 ], [ -85.342020941828437, 13.375035057118275 ], [ -85.341903306083069, 13.375091683865582 ], [ -85.341836914672697, 13.375155821736907 ], [ -85.341708063476489, 13.37522623261159 ] ] ] } },
{ "type": "Feature", "properties": { "OBJECTID": 38, "Cuenca": 55.0, "Nombre_Rio": null, "Categoria": "Terciario", "Tipo_Rio": "Intermitente", "Long_Km": 2.2881055058099999, "Shape_Leng": 2288.1054446100002 }, "geometry": { "type": "MultiLineString", "coordinates": [ [ [ -85.376478952178729, 13.363722525710179 ], [ -85.376304243799751, 13.363549208319105 ], [ -85.376110687740592, 13.363272451002398 ], [ -85.37601369265731, 13.363166598004158 ], [ -85.37556619429445, 13.362876731176939 ], [ -85.375215309051555, 13.362750114269865 ], [ -85.374855037126537, 13.362566038689771 ], [ -85.374680075427747, 13.362430984355546 ], [ -85.374251799890231, 13.362189071605409 ], [ -85.374037503158419, 13.362092029854105 ], [ -85.373832334278802, 13.362090711911875 ], [ -85.373461975329931, 13.361954401513563 ], [ -85.37328630867016, 13.361924573293068 ], [ -85.372690472976814, 13.361901610403908 ], [ -85.372465572769926, 13.361928864832921 ], [ -85.371976307078469, 13.362040516244885 ], [ -85.371574328183002, 13.362248393433427 ], [ -85.371076062552333, 13.362245187552931 ], [ -85.370725051900706, 13.362137697174028 ], [ -85.37024735465485, 13.361981558142237 ], [ -85.369984146165308, 13.361893765299033 ], [ -85.369554077658563, 13.361919694992212 ], [ -85.369318635600251, 13.362061675225998 ], [ -85.369112503850502, 13.362203844955436 ], [ -85.368798709898357, 13.36237401917567 ], [ -85.368593155467636, 13.362430093178 ], [ -85.36775648772786, 13.362624001287115 ], [ -85.36730584919512, 13.36280285716107 ], [ -85.367079982553221, 13.362973597064325 ], [ -85.366774475181771, 13.363363850431373 ], [ -85.366509334150706, 13.363563035616632 ], [ -85.36612689003168, 13.363771028507678 ], [ -85.365872161931023, 13.363874615150316 ], [ -85.365450894229696, 13.364044091696799 ], [ -85.365136966808166, 13.364233393120344 ], [ -85.364763257836856, 13.364594503646872 ], [ -85.364594975999097, 13.364918675596718 ], [ -85.364437495347431, 13.365452183383086 ], [ -85.364067540770506, 13.365980729902974 ], [ -85.363802491511407, 13.366165562610936 ], [ -85.363347120029303, 13.366320463986193 ], [ -85.363016849658436, 13.366391112736743 ], [ -85.362635527365214, 13.366431694661417 ], [ -85.362135035494035, 13.366455760354642 ], [ -85.361720454835293, 13.366475740552504 ], [ -85.361337924219058, 13.366522706941677 ], [ -85.36124970326297, 13.366565184527087 ], [ -85.361306772585294, 13.366795148086707 ], [ -85.361332523592395, 13.367195670720411 ], [ -85.36130640790762, 13.367509505719628 ], [ -85.361180806850626, 13.368085801121692 ], [ -85.360840539210812, 13.368557135410617 ], [ -85.36057480595494, 13.3688424070178 ], [ -85.360265785570476, 13.369026949524525 ], [ -85.359883181803283, 13.369156074801991 ] ] ] } },
{ "type": "Feature", "properties": { "OBJECTID": 39, "Cuenca": 55.0, "Nombre_Rio": null, "Categoria": "Terciario", "Tipo_Rio": "Intermitente", "Long_Km": 1.0577986045800001, "Shape_Leng": 1057.79856103 }, "geometry": { "type": "MultiLineString", "coordinates": [ [ [ -85.365947719324723, 13.355317984253578 ], [ -85.366285231147415, 13.355977856513922 ], [ -85.366515087354728, 13.356302207263793 ], [ -85.366684769493986, 13.356494630963843 ], [ -85.366902736505324, 13.356771072237262 ], [ -85.367230774969556, 13.357024307309283 ], [ -85.367643815336265, 13.357349839276417 ], [ -85.367874157856292, 13.357602443850865 ], [ -85.368201474196212, 13.357963295359488 ], [ -85.368431014186157, 13.358335475330698 ], [ -85.368709563636912, 13.358684055091748 ], [ -85.368828551966459, 13.359151187674982 ], [ -85.369087863883863, 13.359515586507138 ], [ -85.369438163006492, 13.359728305425824 ], [ -85.369940125095226, 13.359762150739549 ], [ -85.370272298581867, 13.359764289202536 ], [ -85.370652679259663, 13.359862401788826 ], [ -85.371032161496885, 13.360094439737466 ], [ -85.371216119431494, 13.360344351655 ], [ -85.37144866951472, 13.360632842524893 ], [ -85.371590467449678, 13.361341674223624 ], [ -85.371720038465369, 13.36157951675815 ], [ -85.371769693244502, 13.361823781896694 ], [ -85.371783049339527, 13.362017589164047 ], [ -85.371795043412931, 13.36213425364328 ] ] ] } },
{ "type": "Feature", "properties": { "OBJECTID": 40, "Cuenca": 55.0, "Nombre_Rio": null, "Categoria": "Terciario", "Tipo_Rio": "Intermitente", "Long_Km": 0.6770086301, "Shape_Leng": 677.00870355999996 }, "geometry": { "type": "MultiLineString", "coordinates": [ [ [ -85.371740764746278, 13.354483709101739 ], [ -85.371791144028734, 13.354984121311466 ], [ -85.371841722131961, 13.355181755585694 ], [ -85.372022477651242, 13.355544650370719 ], [ -85.37221121964005, 13.35590042110584 ], [ -85.372290973378981, 13.356326401839578 ], [ -85.372294319378042, 13.356438831032998 ], [ -85.372095077209863, 13.35701154027155 ], [ -85.371759570978369, 13.35750684010238 ], [ -85.371561096459757, 13.357964755080939 ], [ -85.37160960306862, 13.358380252882069 ], [ -85.371629130043004, 13.358746296249487 ], [ -85.371634147660004, 13.359090722199829 ], [ -85.371552198903942, 13.359291090912173 ], [ -85.371331223562549, 13.359461866795517 ], [ -85.371169299046727, 13.359568447377226 ], [ -85.370904262823814, 13.359753289048074 ], [ -85.370718056638381, 13.359902377962772 ] ] ] } },
{ "type": "Feature", "properties": { "OBJECTID": 41, "Cuenca": 55.0, "Nombre_Rio": null, "Categoria": "Terciario", "Tipo_Rio": "Intermitente", "Long_Km": 0.58073947407000004, "Shape_Leng": 580.73952240899996 }, "geometry": { "type": "MultiLineString", "coordinates": [ [ [ -85.358736211110767, 13.361976023542448 ], [ -85.358945018048928, 13.362522663538019 ], [ -85.359279022717075, 13.362976842964839 ], [ -85.359562609258731, 13.36330154785621 ], [ -85.359889433674695, 13.363734155277015 ], [ -85.36013599726185, 13.364116018257064 ], [ -85.360376420366649, 13.364563212287724 ], [ -85.360495878504011, 13.364958602101124 ], [ -85.360712309215771, 13.365462241754136 ], [ -85.360941438692223, 13.36589421543361 ], [ -85.36117056799425, 13.366326188979626 ], [ -85.36124970326297, 13.366565184527087 ] ] ] } },
{ "type": "Feature", "properties": { "OBJECTID": 42, "Cuenca": 55.0, "Nombre_Rio": null, "Categoria": "Terciario", "Tipo_Rio": "Intermitente", "Long_Km": 2.4557536233100001, "Shape_Leng": 1544.3198360599999 }, "geometry": { "type": "MultiLineString", "coordinates": [ [ [ -85.365246587212582, 13.383813607403221 ], [ -85.364980646969158, 13.383481986733507 ], [ -85.364677652694766, 13.383133242829388 ], [ -85.364242410101568, 13.382472734585248 ], [ -85.363709624166333, 13.381787677799911 ], [ -85.36333335308133, 13.381438458353289 ], [ -85.363212835279711, 13.381198517096475 ], [ -85.363189782103504, 13.380995081375495 ], [ -85.363315226235613, 13.38050561371079 ], [ -85.363673116663591, 13.380109827049944 ], [ -85.363944068170312, 13.379776755640174 ], [ -85.364105422579286, 13.37939514144357 ], [ -85.36432824684492, 13.378954135371762 ], [ -85.364477467660194, 13.378560485323799 ], [ -85.364565784409081, 13.378142524549695 ], [ -85.364519352091619, 13.377783482481915 ], [ -85.364413145189175, 13.377232725035945 ], [ -85.364378926941242, 13.376873762865715 ], [ -85.364467887381849, 13.376360141354729 ], [ -85.36455595995632, 13.375978053394691 ], [ -85.364528734268376, 13.375608373522915 ], [ -85.364413361073915, 13.375330200799493 ], [ -85.364307177316391, 13.375138185291036 ], [ -85.36402583707256, 13.374839805846419 ], [ -85.363919847470783, 13.374619092214493 ], [ -85.363862580990315, 13.374417825992406 ], [ -85.363758657512136, 13.373890999887587 ], [ -85.363702036839982, 13.373594073912027 ], [ -85.363576313354756, 13.373401931808722 ], [ -85.363042497856355, 13.372872323043902 ], [ -85.362458152540796, 13.372591114333456 ], [ -85.362185230522655, 13.37249368258974 ], [ -85.361941038862426, 13.372482535266093 ], [ -85.361607997653323, 13.372476084764669 ] ] ] } },
{ "type": "Feature", "properties": { "OBJECTID": 43, "Cuenca": 55.0, "Nombre_Rio": null, "Categoria": "Terciario", "Tipo_Rio": "Intermitente", "Long_Km": 1.96984649143, "Shape_Leng": 1681.78699334 }, "geometry": { "type": "MultiLineString", "coordinates": [ [ [ -85.372400685122855, 13.383879331543914 ], [ -85.372386834422969, 13.383847572726374 ], [ -85.372349936699706, 13.38352207515377 ], [ -85.372218480094247, 13.382727211002365 ], [ -85.371905730416614, 13.382132075644977 ], [ -85.371688974365412, 13.381671488984827 ], [ -85.371485429474191, 13.381426233342966 ], [ -85.370975748188158, 13.380935058822253 ], [ -85.370364151929948, 13.380342779779998 ], [ -85.369693742975102, 13.37977881964685 ], [ -85.369242402597536, 13.379331068410396 ], [ -85.368790870737669, 13.378912014617885 ], [ -85.368397673882811, 13.378536385584999 ], [ -85.368341562176056, 13.378162931489621 ], [ -85.368168879783227, 13.37768827752817 ], [ -85.368155769658941, 13.377458598404937 ], [ -85.368320750714943, 13.376900025442616 ], [ -85.36839030450821, 13.376619100678122 ], [ -85.368099798824119, 13.376229784465931 ], [ -85.367867046217839, 13.375969987659218 ], [ -85.367751346844386, 13.375739646418738 ], [ -85.367664765683173, 13.375538191498329 ], [ -85.367593709811729, 13.375207690770877 ], [ -85.367452321652067, 13.374729411410884 ], [ -85.367229535304247, 13.374440980144907 ], [ -85.366771937861301, 13.374198864145058 ], [ -85.366577046031964, 13.374121073799872 ], [ -85.366441098683765, 13.373995831558487 ], [ -85.366393148987129, 13.373861591498049 ], [ -85.366179426572586, 13.373678449110256 ], [ -85.366014297632702, 13.373533885019961 ], [ -85.365909661366643, 13.373474614567796 ], [ -85.36580585069953, 13.373473943877077 ], [ -85.365255463548081, 13.373589967932105 ], [ -85.364968016293417, 13.373653879670551 ], [ -85.364595440749824, 13.373663428833495 ], [ -85.364265738971099, 13.373654321331342 ], [ -85.363856989249413, 13.373594876531998 ], [ -85.363670993397236, 13.373546630926487 ] ] ] } },
{ "type": "Feature", "properties": { "OBJECTID": 44, "Cuenca": 55.0, "Nombre_Rio": null, "Categoria": "Terciario", "Tipo_Rio": "Permanente", "Long_Km": 1.8540298986699999, "Shape_Leng": 226.45126741300001 }, "geometry": { "type": "MultiLineString", "coordinates": [ [ [ -85.336968943963228, 13.304615677839832 ], [ -85.33689735257677, 13.304371266438997 ], [ -85.336752065309568, 13.304190946091325 ], [ -85.336548026138502, 13.304031765901632 ], [ -85.336336711132176, 13.303865362734081 ], [ -85.336191130785707, 13.303728088800128 ], [ -85.33604559956963, 13.303583640810235 ], [ -85.335958770636736, 13.303425226660396 ], [ -85.335901243861926, 13.303267005245004 ], [ -85.335851776788502, 13.303001214702224 ], [ -85.335842165216491, 13.302980133220501 ] ] ] } },
{ "type": "Feature", "properties": { "OBJECTID": 45, "Cuenca": 55.0, "Nombre_Rio": null, "Categoria": "Terciario", "Tipo_Rio": "Intermitente", "Long_Km": 0.85408817348, "Shape_Leng": 854.08816687900003 }, "geometry": { "type": "MultiLineString", "coordinates": [ [ [ -85.344270973916878, 13.307176099986716 ], [ -85.344066699355963, 13.307050405258622 ], [ -85.343901495786042, 13.3069249659361 ], [ -85.34369663749824, 13.306885364582945 ], [ -85.343427983239465, 13.306830599888603 ], [ -85.343165642513526, 13.306804973851156 ], [ -85.3429397679798, 13.306803500996029 ], [ -85.342653008889954, 13.306777714297587 ], [ -85.342360226129955, 13.306739931071796 ], [ -85.342104478861927, 13.3066425982565 ], [ -85.34178760335017, 13.306556825038101 ], [ -85.341574589342017, 13.306459770586537 ], [ -85.341337035006177, 13.306380492968017 ], [ -85.341038596586969, 13.306276902051758 ], [ -85.340763809000677, 13.306166689537593 ], [ -85.340434522024552, 13.306110727779828 ], [ -85.340124240742981, 13.305953247937069 ], [ -85.339929583032742, 13.305850333679638 ], [ -85.339734803333457, 13.305765354750184 ], [ -85.339497494828763, 13.3056502037395 ], [ -85.339357494285352, 13.305589498992735 ], [ -85.339168575659386, 13.305540432285035 ], [ -85.338894680021426, 13.305419062297966 ], [ -85.33851651644531, 13.305368758078627 ], [ -85.33800437666325, 13.305269745972842 ], [ -85.337687953443151, 13.305118201713796 ], [ -85.337414426188715, 13.304943022145428 ], [ -85.337219852202566, 13.304828147869731 ], [ -85.336968943963228, 13.304615677839832 ] ] ] } },
{ "type": "Feature", "properties": { "OBJECTID": 46, "Cuenca": 55.0, "Nombre_Rio": "Luis", "Categoria": "Terciario", "Tipo_Rio": "Intermitente", "Long_Km": 1.983028901, "Shape_Leng": 1247.0951754099999 }, "geometry": { "type": "MultiLineString", "coordinates": [ [ [ -85.326143992953234, 13.312653725675172 ], [ -85.326326108328033, 13.312449249043929 ], [ -85.326586562146133, 13.312216590345475 ], [ -85.32672429529282, 13.312074003135168 ], [ -85.327009069549447, 13.311855853571737 ], [ -85.327190920869612, 13.311689640248684 ], [ -85.327480314815574, 13.31150978540456 ], [ -85.32759821598404, 13.311410115420287 ], [ -85.327691862423009, 13.311286370225984 ], [ -85.328011116424676, 13.311025397007276 ], [ -85.328094895803474, 13.310915936143912 ], [ -85.328159206127594, 13.310796780201755 ], [ -85.328242699520146, 13.310610467517524 ], [ -85.328243848104393, 13.310443064019074 ], [ -85.328245062302585, 13.310266094939651 ], [ -85.328242442474547, 13.309936039032966 ], [ -85.328190229687152, 13.309715669969453 ], [ -85.328070990757354, 13.309298749826167 ], [ -85.327945390317126, 13.309097030705157 ], [ -85.327810909007027, 13.308766106989989 ], [ -85.327637161306882, 13.308463623714536 ], [ -85.327653225865518, 13.308068002366596 ], [ -85.327662618781872, 13.307766724491636 ], [ -85.327575597556802, 13.307637006533152 ], [ -85.327408535856506, 13.307427839181653 ], [ -85.327278152140934, 13.307211738921916 ], [ -85.327184002217408, 13.307053274109117 ], [ -85.327104355847496, 13.306916430309583 ], [ -85.327046933021975, 13.306743857792972 ], [ -85.327020486926841, 13.306327548331328 ], [ -85.326890744270059, 13.306018180217311 ], [ -85.326818818361133, 13.305823988449077 ], [ -85.326790402617974, 13.305694656188111 ], [ -85.32689542264967, 13.305336610140628 ], [ -85.327007226663468, 13.305057531174947 ], [ -85.327119915706476, 13.304649312756462 ], [ -85.327172425675982, 13.304470289609437 ], [ -85.327071296258438, 13.304261556230271 ], [ -85.326792983401631, 13.303895545986624 ], [ -85.326600131636226, 13.303530755346186 ], [ -85.326396856718532, 13.30326155967083 ], [ -85.326242615107944, 13.302963987848482 ], [ -85.326223826632756, 13.302935393887068 ] ] ] } },
{ "type": "Feature", "properties": { "OBJECTID": 47, "Cuenca": 55.0, "Nombre_Rio": null, "Categoria": "Terciario", "Tipo_Rio": "Intermitente", "Long_Km": 1.2839426677200001, "Shape_Leng": 1283.94264056 }, "geometry": { "type": "MultiLineString", "coordinates": [ [ [ -85.334236195553331, 13.310833133400847 ], [ -85.334209786539773, 13.310409649332911 ], [ -85.334154712326963, 13.309892704147716 ], [ -85.333976621580931, 13.309152535396917 ], [ -85.333817958322754, 13.308785582066859 ], [ -85.333543212377393, 13.308252847582931 ], [ -85.333282039351332, 13.30787804648542 ], [ -85.33320986241543, 13.3077197284879 ], [ -85.333173823515182, 13.30763339415449 ], [ -85.333160104547474, 13.307496984333026 ], [ -85.333109320315288, 13.307281407741431 ], [ -85.333178390735654, 13.306822675821026 ], [ -85.33315783726907, 13.306614472742393 ], [ -85.333115993474181, 13.306305683480479 ], [ -85.333051387457516, 13.306111540934209 ], [ -85.332847792186598, 13.305887787580346 ], [ -85.332717010437364, 13.305729085041069 ], [ -85.332630281368822, 13.305556321086446 ], [ -85.33255058396243, 13.305426652658459 ], [ -85.332324668960297, 13.305252976242729 ], [ -85.332164291124158, 13.305137126864626 ], [ -85.331821118764637, 13.304969855704824 ], [ -85.331565853464156, 13.304803160352161 ], [ -85.331349124020775, 13.304670200254163 ], [ -85.3310750705121, 13.304572736845486 ], [ -85.33074017569345, 13.304444979617816 ], [ -85.330380248934844, 13.304406741163222 ], [ -85.329989757365027, 13.304374280700024 ], [ -85.329830955866413, 13.304385194918174 ] ], [ [ -85.329830955866413, 13.304385194918174 ], [ -85.329647612429767, 13.304413884817919 ], [ -85.329286538753777, 13.304543048508512 ], [ -85.329072221266927, 13.304637303323865 ], [ -85.328802716439725, 13.304767068282899 ], [ -85.3286254767537, 13.304795797535261 ], [ -85.328491216150297, 13.304788935201334 ], [ -85.32837559761326, 13.304734364438417 ], [ -85.328254489166994, 13.304590073079627 ], [ -85.328047916605755, 13.304445218546908 ], [ -85.327932256412268, 13.304396626659168 ], [ -85.327779765012025, 13.304377686290692 ], [ -85.327651444709446, 13.304394779011901 ], [ -85.327504278044728, 13.304489473405345 ], [ -85.32740033567228, 13.304512705738736 ], [ -85.327172425675982, 13.304470289609437 ] ] ] } },
{ "type": "Feature", "properties": { "OBJECTID": 48, "Cuenca": 55.0, "Nombre_Rio": null, "Categoria": "Terciario", "Tipo_Rio": "Intermitente", "Long_Km": 1.0419711568900001, "Shape_Leng": 1041.9712217900001 }, "geometry": { "type": "MultiLineString", "coordinates": [ [ [ -85.336631193722766, 13.325155827172631 ], [ -85.336232871049262, 13.324477591704703 ], [ -85.33604008165868, 13.324099653065593 ], [ -85.335766945871995, 13.323864681639233 ], [ -85.335529744834759, 13.323731588918129 ], [ -85.335152249765969, 13.323579638690143 ], [ -85.334713376870653, 13.323475117208952 ], [ -85.334481587839107, 13.323443701450786 ], [ -85.334109421154054, 13.323405385733334 ], [ -85.333718735435454, 13.323396841848414 ], [ -85.33343749165806, 13.323454785011196 ], [ -85.33326019730265, 13.323489494979448 ], [ -85.333064342659171, 13.323559956183749 ], [ -85.332691235278475, 13.323659147715777 ], [ -85.332532379124331, 13.323676041190801 ], [ -85.332288544251284, 13.323620627895139 ], [ -85.331959974005571, 13.32345703687198 ], [ -85.331637100848823, 13.323353272554639 ], [ -85.331174383512661, 13.323164883310936 ], [ -85.33097385898526, 13.323026048491856 ], [ -85.330694172461435, 13.322856798119943 ], [ -85.330292918776877, 13.322609022058163 ], [ -85.329804012717062, 13.322293105554117 ], [ -85.329343847979857, 13.322089184806124 ], [ -85.329117182975679, 13.322023119846415 ], [ -85.328949028022294, 13.321971790248812 ], [ -85.328788101164164, 13.321934856691037 ], [ -85.328627469909094, 13.321854876607798 ], [ -85.32833511685682, 13.321752505283497 ] ] ] } },
{ "type": "Feature", "properties": { "OBJECTID": 49, "Cuenca": 55.0, "Nombre_Rio": null, "Categoria": "Terciario", "Tipo_Rio": "Intermitente", "Long_Km": 0.68463955822, "Shape_Leng": 684.63961218999998 }, "geometry": { "type": "MultiLineString", "coordinates": [ [ [ -85.310029869109471, 13.313978380311422 ], [ -85.310155388337222, 13.314189673140582 ], [ -85.310319780926633, 13.314429922345836 ], [ -85.310386362740829, 13.314688654431283 ], [ -85.310413276993302, 13.31503321867644 ], [ -85.310496408727033, 13.315722541210643 ], [ -85.31052372121141, 13.31600971071984 ], [ -85.310688446030369, 13.31620213149545 ], [ -85.310931247103383, 13.316404637464727 ], [ -85.311212721332154, 13.316664798744695 ], [ -85.311406287086641, 13.316924375201534 ], [ -85.311648359056107, 13.317232104648625 ], [ -85.311792688481788, 13.317548750918434 ], [ -85.31200559159484, 13.317837153422291 ], [ -85.312285742604331, 13.318288630026821 ], [ -85.312386080333923, 13.318727749966135 ], [ -85.31246170423718, 13.319091770810656 ], [ -85.3125472284718, 13.319436724678679 ] ] ] } },
{ "type": "Feature", "properties": { "OBJECTID": 50, "Cuenca": 55.0, "Nombre_Rio": null, "Categoria": "Terciario", "Tipo_Rio": "Permanente", "Long_Km": 0.60416692496000002, "Shape_Leng": 604.16698994700005 }, "geometry": { "type": "MultiLineString", "coordinates": [ [ [ -85.31708420134747, 13.324180022931809 ], [ -85.31663745841378, 13.324155535694727 ], [ -85.316366095584968, 13.324196784712516 ], [ -85.316028350870241, 13.324302163806763 ], [ -85.315669184466032, 13.324350481835161 ], [ -85.314995251176413, 13.32433644237239 ], [ -85.314466568764033, 13.324330540055916 ], [ -85.314130996897831, 13.324298416614434 ], [ -85.313942361528476, 13.324207479788351 ], [ -85.313717757371009, 13.324020640869788 ], [ -85.313517492412871, 13.323845922070186 ], [ -85.313335915026258, 13.323617516570094 ], [ -85.313177970565562, 13.323502867925855 ], [ -85.312898340698467, 13.323327621254576 ], [ -85.312685368787783, 13.323224564214424 ], [ -85.312484482621215, 13.323139523378348 ], [ -85.312289411839856, 13.323096374163701 ], [ -85.312112366229471, 13.323095196864621 ], [ -85.311946361381047, 13.323108696212634 ] ] ] } },
{ "type": "Feature", "properties": { "OBJECTID": 51, "Cuenca": 55.0, "Nombre_Rio": null, "Categoria": "Terciario", "Tipo_Rio": "Permanente", "Long_Km": 1.8549255280600001, "Shape_Leng": 1854.92556741 }, "geometry": { "type": "MultiLineString", "coordinates": [ [ [ -85.321257405944252, 13.328904748570469 ], [ -85.321140474110095, 13.328765004843044 ], [ -85.320894302640497, 13.328340067122397 ], [ -85.320608587449797, 13.328124848716332 ], [ -85.320257423992302, 13.328050776283176 ], [ -85.320110999028444, 13.328035457480663 ], [ -85.319912794852826, 13.328091543618292 ], [ -85.319721718175998, 13.328176374673802 ], [ -85.319375354450344, 13.328468243645078 ], [ -85.318955876428589, 13.328738103993564 ], [ -85.318573325673796, 13.32896515921059 ], [ -85.318271859125858, 13.329121004338811 ], [ -85.317772781979684, 13.329246841013941 ], [ -85.317413001586814, 13.329359250226178 ], [ -85.316614843414541, 13.329582648833279 ], [ -85.31632882195332, 13.329623798946182 ], [ -85.316108934706676, 13.329636688952165 ], [ -85.315881969997989, 13.329613658819536 ], [ -85.315669955836, 13.32954767874719 ], [ -85.315450019939476, 13.32956774299584 ], [ -85.31520765774394, 13.329652229797055 ], [ -85.314913315634072, 13.329836816615803 ], [ -85.314567441369476, 13.330056934532815 ], [ -85.314177758180335, 13.330255237208371 ], [ -85.313899111352725, 13.330289258318905 ], [ -85.313642692333744, 13.330287553946331 ], [ -85.313400975571568, 13.330278772837239 ], [ -85.313151882409969, 13.330277116673765 ], [ -85.312909767718537, 13.3303257289326 ], [ -85.312769872051305, 13.330425244871908 ], [ -85.312681111195616, 13.330546623495369 ], [ -85.312591902365455, 13.330732572497597 ], [ -85.312539075389807, 13.330954636369212 ], [ -85.312479370410344, 13.331112081969405 ], [ -85.312346352878677, 13.331276214937212 ], [ -85.312206605760124, 13.331354206997505 ], [ -85.312023050276807, 13.331410383002108 ], [ -85.311583174329769, 13.331450503588961 ], [ -85.31118852001967, 13.331396856112455 ], [ -85.310837057534371, 13.331365817337279 ], [ -85.310504733587479, 13.331392302866567 ], [ -85.310241253841241, 13.331352283326309 ], [ -85.309987940080063, 13.331254933044393 ], [ -85.309828642590361, 13.331159007097044 ], [ -85.309633690911525, 13.331097919105119 ], [ -85.30945078342134, 13.33106082647471 ], [ -85.30926754358056, 13.331071562874156 ], [ -85.309023043698488, 13.331111786186252 ], [ -85.308784109019001, 13.33122977129829 ], [ -85.30849724670675, 13.331215900128816 ], [ -85.308326341782063, 13.331208782113974 ], [ -85.30814385033274, 13.331111902371784 ], [ -85.308040685488507, 13.331021530872883 ], [ -85.307950022061632, 13.330889390640479 ], [ -85.307822062609489, 13.330852664284036 ], [ -85.307657014052495, 13.330881457737442 ], [ -85.307498319706482, 13.330874419748257 ], [ -85.307351961339251, 13.330849528014257 ], [ -85.307231063539177, 13.330675332860579 ], [ -85.307067928914961, 13.330429110178303 ], [ -85.306971119071008, 13.330302907008127 ], [ -85.306824969182841, 13.330248121943292 ], [ -85.306623539153634, 13.330240798225081 ], [ -85.306312541920875, 13.330234110467485 ] ] ] } },
{ "type": "Feature", "properties": { "OBJECTID": 52, "Cuenca": 55.0, "Nombre_Rio": null, "Categoria": "Terciario", "Tipo_Rio": "Intermitente", "Long_Km": 1.8811524721299999, "Shape_Leng": 1881.15249251 }, "geometry": { "type": "MultiLineString", "coordinates": [ [ [ -85.328956947489672, 13.335114502884879 ], [ -85.328632704330616, 13.335208029761453 ], [ -85.328351487127506, 13.335259986438874 ], [ -85.328063958559568, 13.335341795924819 ], [ -85.327586504454118, 13.335518016152941 ], [ -85.327372486705599, 13.335564436427832 ], [ -85.326828860247247, 13.335596724337565 ], [ -85.326517568055934, 13.335582711704845 ], [ -85.326145221111915, 13.335568296616508 ], [ -85.325675106285019, 13.335565193216089 ], [ -85.325370001544059, 13.335539263238193 ], [ -85.324808142359984, 13.335559467784117 ], [ -85.324502461150772, 13.335617237746284 ], [ -85.324058652195362, 13.335695260237479 ], [ -85.323625995800086, 13.335749798203196 ], [ -85.323303136599733, 13.335819410793464 ], [ -85.322811620056342, 13.335909432111698 ], [ -85.322503117402775, 13.336022186792411 ], [ -85.322135556428861, 13.336199123066313 ], [ -85.321746164606992, 13.336354389716375 ], [ -85.321386275368965, 13.336481153121644 ], [ -85.321121878889926, 13.336572673382777 ], [ -85.320798869606989, 13.336663806119438 ], [ -85.320278342495641, 13.336710581944935 ], [ -85.319721431353869, 13.336721241675168 ], [ -85.319355157022102, 13.336711639218342 ], [ -85.318966903867974, 13.336701891435952 ], [ -85.318593303735867, 13.336692239318896 ], [ -85.318095451268306, 13.336638715337285 ], [ -85.317679529795967, 13.336392016105238 ], [ -85.317340441980875, 13.336247867079935 ], [ -85.316999137155733, 13.336159505019602 ], [ -85.316911352371079, 13.336139790508632 ], [ -85.316482196079932, 13.33604127875064 ], [ -85.316043669421092, 13.33588530663701 ], [ -85.31566408600851, 13.335681894733108 ], [ -85.315275198944036, 13.33541145625709 ], [ -85.314876345708811, 13.335169649761411 ], [ -85.314497228626706, 13.334899275188553 ], [ -85.314195152781522, 13.334647573334044 ], [ -85.313984179512602, 13.334430930643554 ], [ -85.313860526092384, 13.334300964446774 ], [ -85.313410118393264, 13.333887591874994 ], [ -85.313275615103478, 13.333561444988236 ], [ -85.313204878947317, 13.333243534520001 ] ] ] } },
{ "type": "Feature", "properties": { "OBJECTID": 53, "Cuenca": 55.0, "Nombre_Rio": "Barrial Colorado", "Categoria": "Terciario", "Tipo_Rio": "Permanente", "Long_Km": 7.3800981318299996, "Shape_Leng": 3164.6560512299998 }, "geometry": { "type": "MultiLineString", "coordinates": [ [ [ -85.324086851947243, 13.317659321328911 ], [ -85.323838033698621, 13.317619413169115 ], [ -85.323633007249427, 13.317603710214565 ], [ -85.323477082980929, 13.317550066467188 ], [ -85.323360362573752, 13.317477548630428 ], [ -85.323341913254552, 13.317319582193202 ], [ -85.32333940088877, 13.316975179322515 ], [ -85.323335438682292, 13.316841224858527 ], [ -85.323243335499825, 13.316740169790473 ], [ -85.323111930859113, 13.316672338366658 ], [ -85.323014383720476, 13.316652561302616 ], [ -85.322848297446782, 13.316656247840193 ], [ -85.322638190090956, 13.316669209468495 ], [ -85.322491870403752, 13.316639544051037 ], [ -85.322282026677911, 13.316614241397566 ], [ -85.322101585323338, 13.316574784341356 ], [ -85.321955133048348, 13.316564250612707 ], [ -85.321828052870316, 13.316577760223735 ], [ -85.321700609198558, 13.316643881598843 ], [ -85.321616956762483, 13.316734208648226 ], [ -85.321614319713817, 13.3171168429469 ], [ -85.321607325778047, 13.317422918815518 ], [ -85.321532913096192, 13.317589836489573 ], [ -85.321394877005119, 13.317775467280729 ], [ -85.321242617548435, 13.317898821932538 ], [ -85.32115177363805, 13.317935972672432 ], [ -85.32101241252893, 13.317992963141437 ], [ -85.320631002956631, 13.318057404352189 ], [ -85.320225470816837, 13.318078638061413 ], [ -85.319648967397697, 13.318103522209919 ], [ -85.319282684668792, 13.318205369883414 ], [ -85.319013440647979, 13.318294467299426 ], [ -85.318665458720972, 13.31846913939073 ], [ -85.31841050180978, 13.318610945765785 ], [ -85.318146339586875, 13.318671376141056 ], [ -85.317720774960904, 13.318764219951976 ], [ -85.317251750422315, 13.318785027134348 ], [ -85.317026791320188, 13.318826584206622 ], [ -85.316698904757317, 13.318920073686883 ], [ -85.316414941338053, 13.319018636505403 ], [ -85.316052404283639, 13.319178858778042 ], [ -85.315748408008957, 13.319349035694914 ], [ -85.315630829294619, 13.319400869726941 ], [ -85.315379501700036, 13.319441453060351 ], [ -85.315100519923504, 13.319525697958927 ], [ -85.314843267955737, 13.319645960640518 ], [ -85.314578192736747, 13.31983791793323 ], [ -85.314394000909772, 13.319987363849219 ], [ -85.31422500808894, 13.320057988571724 ], [ -85.31392444452365, 13.320084691284249 ], [ -85.313704268877117, 13.320140626336679 ], [ -85.313447214499334, 13.320232190038675 ], [ -85.313204613019082, 13.320352548205811 ], [ -85.313050022102345, 13.320459140709245 ], [ -85.312953044358295, 13.320709610445203 ], [ -85.31281933760269, 13.320974186267581 ], [ -85.312817448247756, 13.321246811449218 ], [ -85.312786553270527, 13.32147619667797 ], [ -85.312667646975541, 13.321719345327253 ], [ -85.312437805684965, 13.322112425935444 ], [ -85.312162913192353, 13.322663048606451 ], [ -85.31203440641508, 13.322953436546227 ], [ -85.311988467587312, 13.323057244475862 ], [ -85.311946361381047, 13.323108696212634 ], [ -85.311686750394315, 13.323425929887412 ], [ -85.311440557995525, 13.323711278987433 ], [ -85.311231451988689, 13.323931107113262 ], [ -85.31092333665255, 13.324341600930687 ], [ -85.310615137233512, 13.324764052218082 ], [ -85.310301205750463, 13.32513265415275 ], [ -85.31012918404295, 13.325286959704872 ], [ -85.310012689666081, 13.325357930615191 ], [ -85.309841539548174, 13.325386685319938 ], [ -85.309658511613364, 13.325367530294113 ], [ -85.309536659131339, 13.325330844860542 ], [ -85.309396117485619, 13.325347845526675 ], [ -85.309285894490614, 13.325394942610634 ], [ -85.309156565893119, 13.325555511100093 ], [ -85.30903965574187, 13.325686267749388 ], [ -85.308873862997842, 13.325822677838513 ], [ -85.308690087013446, 13.325911135662253 ], [ -85.308602975615557, 13.325900510990694 ], [ -85.308510311110837, 13.325880760619032 ], [ -85.308427315620094, 13.325875424892024 ], [ -85.308324617358849, 13.325893872123196 ], [ -85.308207033225017, 13.325945703020807 ], [ -85.308108920025973, 13.326007229585718 ], [ -85.308029943383914, 13.326126280067724 ], [ -85.307935749098903, 13.326326543347319 ], [ -85.307841321838083, 13.32656028615269 ], [ -85.307686722106993, 13.327018434134477 ], [ -85.307548603614762, 13.327213620828822 ], [ -85.307415768514474, 13.327351445414108 ], [ -85.307273164472718, 13.327489203837583 ], [ -85.307150197689566, 13.327612744769549 ], [ -85.30707131981957, 13.327717447080511 ], [ -85.306996893668583, 13.327884358798682 ], [ -85.30692190070269, 13.328132580952657 ], [ -85.3068664785051, 13.328376149354906 ], [ -85.306860562328154, 13.328524386354047 ], [ -85.306908305430298, 13.328682547336212 ], [ -85.307003300084801, 13.328894036970423 ], [ -85.307057414178601, 13.329013975931542 ], [ -85.307080711274324, 13.329175561329787 ], [ -85.307073525037396, 13.329330964969095 ], [ -85.306986679143421, 13.329527688199118 ], [ -85.306746746717977, 13.329789158767268 ], [ -85.306519273675548, 13.330014837600839 ], [ -85.306435393355656, 13.330103806464743 ], [ -85.306312541920875, 13.330234110467485 ], [ -85.306205578596888, 13.330347561634982 ], [ -85.305990522902093, 13.330543428327488 ], [ -85.305751171321532, 13.330721196588334 ], [ -85.305542802597046, 13.330833404303903 ], [ -85.305290531248858, 13.330973602236549 ], [ -85.305100561263032, 13.331073973955153 ], [ -85.304961048154055, 13.331153237822473 ], [ -85.304868995021636, 13.331220782521212 ], [ -85.304797960603793, 13.33134311154984 ], [ -85.304719696916095, 13.331477888546686 ], [ -85.304603290144058, 13.331604381303315 ], [ -85.304277712642943, 13.331889191707999 ], [ -85.304226500709021, 13.331921638034792 ] ] ] } },
{ "type": "Feature", "properties": { "OBJECTID": 54, "Cuenca": 55.0, "Nombre_Rio": null, "Categoria": "Terciario", "Tipo_Rio": "Intermitente", "Long_Km": 1.0596693186099999, "Shape_Leng": 1059.6693469500001 }, "geometry": { "type": "MultiLineString", "coordinates": [ [ [ -85.316165637401241, 13.372147604814383 ], [ -85.315585820164728, 13.371864461071453 ], [ -85.315209640837566, 13.371515180530771 ], [ -85.314868438692471, 13.371405287513831 ], [ -85.314308242642809, 13.371174356962296 ], [ -85.313343206907305, 13.371203798253893 ], [ -85.312609791933895, 13.371294568926293 ], [ -85.312109163240606, 13.371279271466236 ], [ -85.311607119477827, 13.371467245403387 ], [ -85.31132465063331, 13.371692557825394 ], [ -85.310980368224932, 13.372025076365556 ], [ -85.310673473483561, 13.372250224813573 ], [ -85.310243951951676, 13.372546300096001 ], [ -85.309998117741856, 13.372771855464871 ], [ -85.309471311423295, 13.37300748948299 ], [ -85.309274910162813, 13.373149670427743 ], [ -85.308819958961095, 13.373589065652833 ], [ -85.308745432548818, 13.373767933697911 ], [ -85.308731051515039, 13.374078739053283 ], [ -85.308639891294774, 13.374891256362302 ] ] ] } },
{ "type": "Feature", "properties": { "OBJECTID": 55, "Cuenca": 55.0, "Nombre_Rio": null, "Categoria": "Terciario", "Tipo_Rio": "Intermitente", "Long_Km": 2.2223795376900002, "Shape_Leng": 1448.09337802 }, "geometry": { "type": "MultiLineString", "coordinates": [ [ [ -85.416653969144406, 13.335815037416159 ], [ -85.416345119476901, 13.335702871066131 ], [ -85.414311282551822, 13.335143450668415 ], [ -85.413551076312004, 13.334866045716785 ], [ -85.413089303452253, 13.334891856747008 ], [ -85.412626218423867, 13.335118559379396 ], [ -85.4121917379032, 13.335453064558337 ], [ -85.412064324701277, 13.335889942516756 ], [ -85.41203932867738, 13.336249349000763 ], [ -85.412115194699552, 13.33651520328783 ], [ -85.41219283564314, 13.336731205779456 ], [ -85.412355617515189, 13.33718407984119 ], [ -85.412440729563215, 13.337615113001723 ], [ -85.412481598785334, 13.338088919093567 ], [ -85.412507345880897, 13.338634380393092 ], [ -85.412590542109839, 13.339226291244431 ], [ -85.412682065521111, 13.340171572832281 ], [ -85.412654675714933, 13.340625818808348 ], [ -85.412647726045151, 13.341690067200259 ], [ -85.412739721793301, 13.342314519659256 ], [ -85.412869908500085, 13.343198208651458 ], [ -85.413010029586331, 13.343733284779479 ] ] ] } },
{ "type": "Feature", "properties": { "OBJECTID": 56, "Cuenca": 55.0, "Nombre_Rio": "El Sotano", "Categoria": "Terciario", "Tipo_Rio": "Intermitente", "Long_Km": 1.2769530069199999, "Shape_Leng": 1276.95296702 }, "geometry": { "type": "MultiLineString", "coordinates": [ [ [ -85.356532196214275, 13.31850054175683 ], [ -85.356322803483295, 13.318395151165184 ], [ -85.356091901057283, 13.318232222591243 ], [ -85.3558175775715, 13.318170656025632 ], [ -85.35553266538146, 13.318235813545678 ], [ -85.355167858689938, 13.318549106359873 ], [ -85.354940679930266, 13.318683958310681 ], [ -85.354689280901425, 13.318898767859693 ], [ -85.354499418523446, 13.318987222836366 ], [ -85.354137967443947, 13.319170229261871 ], [ -85.353849765679684, 13.319129497042319 ], [ -85.353521467138833, 13.318924081746642 ], [ -85.353273878764952, 13.318746094544203 ], [ -85.353036752602378, 13.318601060266554 ], [ -85.352572233941856, 13.318451561233111 ] ], [ [ -85.37575611392127, 13.305381419541149 ], [ -85.374291195778085, 13.305570033372373 ], [ -85.373601053626004, 13.305714497131689 ], [ -85.372879491179219, 13.30588925065298 ], [ -85.372121259797169, 13.306069745651762 ], [ -85.371641859391886, 13.306214756440571 ], [ -85.371501918965535, 13.306326265931917 ], [ -85.371234263134511, 13.306546972124478 ], [ -85.371099494165165, 13.306615466151719 ], [ -85.370967210022556, 13.306637935706167 ], [ -85.37075608659508, 13.306676044655635 ], [ -85.370664634441638, 13.306657520880485 ], [ -85.370610051303629, 13.306603359569349 ], [ -85.370415217502639, 13.306524382039726 ], [ -85.370085139675083, 13.306493565611284 ], [ -85.369669501407472, 13.306567431578962 ], [ -85.369316975429641, 13.306705866648073 ], [ -85.369130009246888, 13.306789271018733 ], [ -85.368857248734386, 13.306791814823358 ] ] ] } },
{ "type": "Feature", "properties": { "OBJECTID": 57, "Cuenca": 55.0, "Nombre_Rio": null, "Categoria": "Terciario", "Tipo_Rio": "Intermitente", "Long_Km": 0.37818441825, "Shape_Leng": 378.18441091099999 }, "geometry": { "type": "MultiLineString", "coordinates": [ [ [ -85.361422741729896, 13.321469286042829 ], [ -85.360786454366007, 13.321666073410006 ], [ -85.360165172429063, 13.322054588867172 ], [ -85.359815403589778, 13.322252921513332 ], [ -85.359632008514083, 13.322370949325281 ], [ -85.359419180529997, 13.322507919931608 ], [ -85.359211001308424, 13.322610149468828 ], [ -85.358996086188753, 13.322761734238243 ], [ -85.358847474995699, 13.322866554092347 ], [ -85.358696920713967, 13.32297274246219 ], [ -85.3585629689276, 13.323280394220539 ] ] ] } },
{ "type": "Feature", "properties": { "OBJECTID": 58, "Cuenca": 55.0, "Nombre_Rio": null, "Categoria": "Terciario", "Tipo_Rio": "Intermitente", "Long_Km": 1.0533328692699999, "Shape_Leng": 1053.33284245 }, "geometry": { "type": "MultiLineString", "coordinates": [ [ [ -85.392640370775226, 13.319873821503718 ], [ -85.392922038208482, 13.319750042549952 ], [ -85.393374928157911, 13.319585493099709 ], [ -85.394114011354546, 13.319536357225646 ], [ -85.394468466886622, 13.319484787145878 ], [ -85.39475556864187, 13.319462685478292 ], [ -85.395104155841267, 13.319375202204856 ], [ -85.39547137379472, 13.31924000379755 ], [ -85.39568398820667, 13.319092069619023 ], [ -85.39598659256265, 13.318881521743604 ], [ -85.396452240802958, 13.318633338496813 ], [ -85.396775854066107, 13.318629403509117 ], [ -85.397070126071085, 13.318609092566694 ], [ -85.397464545331459, 13.318666755533618 ], [ -85.397752930289101, 13.318635093038528 ], [ -85.398134900727115, 13.318484436869641 ], [ -85.398384558762856, 13.318399912352925 ], [ -85.398756193527333, 13.318335289449566 ], [ -85.398961956972784, 13.318240921196274 ], [ -85.399227052077649, 13.318036910189189 ], [ -85.399418131307471, 13.317947231645395 ], [ -85.399779997326903, 13.317882545558009 ], [ -85.400018868001339, 13.317927953927128 ], [ -85.400322537180571, 13.31798567872708 ], [ -85.400628549248168, 13.318084008112946 ], [ -85.401064475395629, 13.318152679205202 ], [ -85.401341277315794, 13.318196283257658 ], [ -85.401861954376898, 13.318278303478053 ] ] ] } },
{ "type": "Feature", "properties": { "OBJECTID": 59, "Cuenca": 55.0, "Nombre_Rio": "La Ceiba", "Categoria": "Terciario", "Tipo_Rio": "Intermitente", "Long_Km": 0.36397555049000002, "Shape_Leng": 363.97557132700001 }, "geometry": { "type": "MultiLineString", "coordinates": [ [ [ -85.393083430485746, 13.330978784141298 ], [ -85.393224985845023, 13.331733050028754 ], [ -85.393259864876399, 13.331998743902666 ], [ -85.393382948376015, 13.332221946856098 ], [ -85.393614448770165, 13.332475675970541 ], [ -85.394067150475266, 13.332907899593494 ], [ -85.394234005426483, 13.333160079116746 ], [ -85.394408707851909, 13.333333384403199 ], [ -85.394741101902937, 13.333710498581834 ] ] ] } },
{ "type": "Feature", "properties": { "OBJECTID": 60, "Cuenca": 55.0, "Nombre_Rio": null, "Categoria": "Terciario", "Tipo_Rio": "Intermitente", "Long_Km": 0.25309762435, "Shape_Leng": 253.09766835 }, "geometry": { "type": "MultiLineString", "coordinates": [ [ [ -85.353611616369889, 13.306268525926141 ], [ -85.353143451216468, 13.306165043972701 ], [ -85.352770713637923, 13.306033481424816 ], [ -85.352529742263911, 13.305917122271937 ], [ -85.352266697646385, 13.305814969423167 ], [ -85.351989389124029, 13.305655324409953 ], [ -85.35172239441988, 13.305421244576053 ], [ -85.351552420991354, 13.3052722247941 ] ] ] } },
{ "type": "Feature", "properties": { "OBJECTID": 61, "Cuenca": 55.0, "Nombre_Rio": null, "Categoria": "Terciario", "Tipo_Rio": "Permanente", "Long_Km": 0.83257329218999998, "Shape_Leng": 832.57335772299996 }, "geometry": { "type": "MultiLineString", "coordinates": [ [ [ -85.378539453186349, 13.339224361066242 ], [ -85.378882258644509, 13.339367463825496 ], [ -85.379361484394934, 13.33943315402699 ], [ -85.379752347878053, 13.339236946512038 ], [ -85.380290983524588, 13.339039491277573 ], [ -85.380761425931311, 13.338812898839214 ], [ -85.381418115876727, 13.338491829529385 ], [ -85.381584571090784, 13.338435492933094 ], [ -85.382209787084207, 13.338439482902658 ], [ -85.382520486828724, 13.338728461832719 ], [ -85.382761339051669, 13.339237025359758 ], [ -85.382865171595739, 13.339782980610865 ], [ -85.383154553824355, 13.340339685508244 ], [ -85.383847517205069, 13.340808081965379 ], [ -85.384517713867183, 13.341027600647974 ] ] ] } },
{ "type": "Feature", "properties": { "OBJECTID": 62, "Cuenca": 55.0, "Nombre_Rio": "El Corozal", "Categoria": "Terciario", "Tipo_Rio": "Intermitente", "Long_Km": 3.5229105448800002, "Shape_Leng": 1956.9860668700001 }, "geometry": { "type": "MultiLineString", "coordinates": [ [ [ -85.382656507985942, 13.383973196982311 ], [ -85.382682394290882, 13.383951660389423 ], [ -85.383084978559182, 13.383657674099394 ], [ -85.383280586703975, 13.383630224943639 ], [ -85.383516235140476, 13.383459535118034 ], [ -85.383595742163536, 13.383259147076769 ], [ -85.383919774763243, 13.383022055877634 ], [ -85.384067166088215, 13.382898633047819 ], [ -85.384272608777309, 13.382861680616751 ], [ -85.384644855775989, 13.382720561276683 ], [ -85.384734514690805, 13.382462838582315 ], [ -85.384716950667837, 13.382166164078001 ], [ -85.384593373939012, 13.381648782217123 ], [ -85.384613936081365, 13.381495848922734 ], [ -85.384761772429982, 13.381305463137558 ], [ -85.384889302604861, 13.381229745589787 ], [ -85.384978450498551, 13.381048550885618 ], [ -85.384999076056673, 13.380886051720553 ], [ -85.384981319412859, 13.380618075470752 ], [ -85.384895487008635, 13.380301832394863 ], [ -85.384473928433735, 13.379583562794803 ], [ -85.383978283999582, 13.378815072791964 ], [ -85.383360031302502, 13.378117547917746 ], [ -85.382972956283311, 13.377553039850824 ], [ -85.382476841600777, 13.376856294388883 ], [ -85.382300041880029, 13.376689343615391 ], [ -85.382022012173152, 13.376257071565718 ], [ -85.382025204492805, 13.375778766771178 ], [ -85.381858131097388, 13.375191748157002 ], [ -85.381811115058383, 13.374916410364172 ], [ -85.381838813062259, 13.374426303478563 ], [ -85.38182867514962, 13.374115326805384 ], [ -85.381780301564191, 13.374043268575393 ], [ -85.381427399920568, 13.373849679322037 ], [ -85.381220337347159, 13.37376464749075 ], [ -85.38107577723207, 13.373464768501536 ], [ -85.380930338219912, 13.373296424205437 ], [ -85.380590929916849, 13.372911590143815 ], [ -85.380360001038454, 13.372742698254855 ], [ -85.379788867515913, 13.372308547618903 ], [ -85.379545487328159, 13.372175449236295 ], [ -85.379107339958765, 13.371945437228836 ], [ -85.378832075419155, 13.371824341372982 ], [ -85.378468006329797, 13.371475221734887 ], [ -85.378335423661682, 13.371211293188434 ], [ -85.378118869943137, 13.370719621485767 ], [ -85.377839296666338, 13.370375225314172 ] ] ] } },
{ "type": "Feature", "properties": { "OBJECTID": 63, "Cuenca": 55.0, "Nombre_Rio": "El Papayo", "Categoria": "Terciario", "Tipo_Rio": "Intermitente", "Long_Km": 0.79180533571, "Shape_Leng": 791.80540855200002 }, "geometry": { "type": "MultiLineString", "coordinates": [ [ [ -85.345882616074803, 13.331833013746383 ], [ -85.346293091181394, 13.331806990943727 ], [ -85.346835246685387, 13.33181052480818 ], [ -85.347596123574206, 13.331973328578798 ], [ -85.348167000866283, 13.332063144186804 ], [ -85.348707989475017, 13.332238861457766 ], [ -85.34933650586585, 13.332472546495424 ], [ -85.349669535538652, 13.332882481220967 ], [ -85.349784811815368, 13.333170223834209 ], [ -85.35009077230022, 13.333430506816335 ], [ -85.35051473570195, 13.33357676113949 ], [ -85.350631083645425, 13.33370666407796 ], [ -85.350980420994844, 13.33405332668455 ], [ -85.351064836664619, 13.334570461737847 ], [ -85.351162835468244, 13.335245530603826 ], [ -85.35119044322559, 13.335385532518913 ] ] ] } },
{ "type": "Feature", "properties": { "OBJECTID": 64, "Cuenca": 55.0, "Nombre_Rio": "El Taladro", "Categoria": "Terciario", "Tipo_Rio": "Intermitente", "Long_Km": 1.15658132412, "Shape_Leng": 1156.5812835500001 }, "geometry": { "type": "MultiLineString", "coordinates": [ [ [ -85.373877792288468, 13.347068089482423 ], [ -85.373654122655367, 13.346913589714486 ], [ -85.373080679806847, 13.346469849969102 ], [ -85.372828344096604, 13.346219500138716 ], [ -85.372654418530175, 13.345931388925079 ], [ -85.372335813998873, 13.345364919368196 ], [ -85.371967338212599, 13.344951193428985 ], [ -85.371733326023246, 13.34488272413004 ], [ -85.371353672689963, 13.344679388709885 ], [ -85.370973122287808, 13.344609977041777 ], [ -85.370614227419736, 13.344225010481894 ], [ -85.370388088647545, 13.343893064071841 ], [ -85.369938750866453, 13.343519473173997 ], [ -85.369647440606272, 13.343254521351884 ], [ -85.369245988246291, 13.343024734459661 ], [ -85.368930738397097, 13.342687879438291 ], [ -85.368652203275218, 13.342339301566707 ], [ -85.368433924007576, 13.342110693313831 ], [ -85.368107669480978, 13.341594394131137 ], [ -85.367999854592384, 13.341282789405382 ], [ -85.36786809940844, 13.340899282056734 ], [ -85.367907221579429, 13.34052883274766 ], [ -85.367923767803518, 13.33988320210555 ], [ -85.367992359084013, 13.339253849743978 ] ] ] } },
{ "type": "Feature", "properties": { "OBJECTID": 65, "Cuenca": 55.0, "Nombre_Rio": null, "Categoria": "Terciario", "Tipo_Rio": "Permanente", "Long_Km": 0.3845958178, "Shape_Leng": 384.59575683999998 }, "geometry": { "type": "MultiLineString", "coordinates": [ [ [ -85.370481266461027, 13.321026390977625 ], [ -85.370635701280889, 13.321304811605392 ], [ -85.37067285422232, 13.321592044705636 ], [ -85.370739695225865, 13.32182207033204 ], [ -85.37071894195094, 13.322003700094523 ], [ -85.370696588903783, 13.322424483271462 ], [ -85.370529375026038, 13.322595606660835 ], [ -85.370333176202806, 13.322718711994471 ], [ -85.370244427956735, 13.322842507091703 ], [ -85.370223867204388, 13.322995438532237 ], [ -85.370260634455803, 13.323340068969163 ], [ -85.370171886834243, 13.323463864010801 ], [ -85.369946189923837, 13.323615478066912 ], [ -85.369709285276272, 13.323835309215056 ], [ -85.369729889718116, 13.324004880382466 ] ] ] } },
{ "type": "Feature", "properties": { "OBJECTID": 66, "Cuenca": 55.0, "Nombre_Rio": null, "Categoria": "Terciario", "Tipo_Rio": "Intermitente", "Long_Km": 0.58791034995000002, "Shape_Leng": 587.91034392999995 }, "geometry": { "type": "MultiLineString", "coordinates": [ [ [ -85.385186874751412, 13.313486785239601 ], [ -85.385567685263766, 13.31351073034541 ], [ -85.385831612577121, 13.313483708120463 ], [ -85.386247606690233, 13.313390121251976 ], [ -85.386560485002363, 13.313286617938925 ], [ -85.38706619577269, 13.313175644835058 ], [ -85.387516537627675, 13.31302543854596 ], [ -85.387906803395836, 13.312836793859717 ], [ -85.388356764550991, 13.312743982950197 ], [ -85.389060947437727, 13.312614517645278 ], [ -85.389354746056227, 13.312501581890636 ], [ -85.390267197077208, 13.311897973500592 ] ] ] } },
{ "type": "Feature", "properties": { "OBJECTID": 67, "Cuenca": 55.0, "Nombre_Rio": "La Chita", "Categoria": "Terciario", "Tipo_Rio": "Permanente", "Long_Km": 2.5806844740199999, "Shape_Leng": 2580.6844173999998 }, "geometry": { "type": "MultiLineString", "coordinates": [ [ [ -85.327808725301708, 13.363525548252891 ], [ -85.328074921583919, 13.363886042975828 ], [ -85.328269493053725, 13.364006906937551 ], [ -85.328598893286269, 13.364056914119057 ], [ -85.329148443636868, 13.364060542639676 ], [ -85.329404488704625, 13.364122022222984 ], [ -85.329538246884866, 13.364206609879998 ], [ -85.329647416403517, 13.364314951502665 ], [ -85.329780269367191, 13.364531069595357 ], [ -85.329864520204694, 13.364710993811755 ], [ -85.330213574056245, 13.365454685426688 ], [ -85.330645023982413, 13.366056621913698 ], [ -85.330924755597351, 13.366225877633838 ], [ -85.331095235173862, 13.366298749133032 ], [ -85.331534386464213, 13.366373392089619 ], [ -85.331753716029255, 13.366446585252591 ], [ -85.331911489646714, 13.366591119649691 ], [ -85.332055818044751, 13.366914934631406 ], [ -85.33219850351729, 13.36747789568204 ], [ -85.332367668239968, 13.367742083898753 ], [ -85.332537984989685, 13.367838868935937 ], [ -85.332854850903971, 13.36793662039317 ], [ -85.333061640482654, 13.368057561757098 ], [ -85.333267445251792, 13.368321990894868 ], [ -85.333496441821225, 13.368765941139216 ], [ -85.334043770770521, 13.368857635349196 ], [ -85.334571416283922, 13.368851543060424 ], [ -85.334678163925105, 13.36895747528707 ], [ -85.334812973830395, 13.369245351570767 ], [ -85.334957160620903, 13.369590688228948 ], [ -85.335062922806955, 13.369840108366772 ], [ -85.33526684668422, 13.370023210612375 ], [ -85.335422314296579, 13.370148596094054 ], [ -85.335754036718129, 13.370217742297868 ], [ -85.33603723699369, 13.370238738029959 ], [ -85.336260635869749, 13.370431533682625 ], [ -85.336385941082682, 13.370681081964637 ], [ -85.336453150102358, 13.370853718336821 ], [ -85.336600843880333, 13.37118675995699 ], [ -85.336732051134078, 13.371288069790666 ], [ -85.336994564391944, 13.371476338667174 ], [ -85.337213310288703, 13.371635620699273 ], [ -85.337255603196525, 13.371879840475021 ], [ -85.337165999467473, 13.372123192344125 ], [ -85.337120065936844, 13.372409880533272 ], [ -85.337234650944154, 13.372798070164404 ], [ -85.337525887272406, 13.373072625194061 ], [ -85.337876039500159, 13.373304517817722 ], [ -85.33813875340195, 13.373464088200882 ], [ -85.338225308261599, 13.373665550335128 ], [ -85.338222947981805, 13.374009922951027 ], [ -85.338133245780512, 13.374267623965512 ], [ -85.337955709680699, 13.37451039917031 ], [ -85.33789551348265, 13.37473959501262 ], [ -85.337952070063082, 13.3750413063512 ], [ -85.338053772379112, 13.375171119884858 ], [ -85.338051608315467, 13.375486794793401 ], [ -85.338233929532606, 13.375726552854251 ], [ -85.338298796520803, 13.375884824116643 ], [ -85.338319550673688, 13.376064329263224 ], [ -85.338237863344958, 13.376221636613879 ], [ -85.338105275761976, 13.37632121156628 ], [ -85.337986604759735, 13.376528499326612 ], [ -85.337977703394245, 13.376758033134804 ], [ -85.338028112605429, 13.37688750961188 ], [ -85.338151552459081, 13.377053340157095 ], [ -85.338370451365336, 13.377191099022378 ], [ -85.338487154447748, 13.377270787476514 ], [ -85.338559448473248, 13.377414758053506 ], [ -85.338587579296956, 13.377587136477857 ], [ -85.338520744672692, 13.377715842524184 ], [ -85.338402614184389, 13.377844211468226 ], [ -85.338182141587822, 13.377936034540841 ], [ -85.337976569452394, 13.377992081238446 ], [ -85.337682966451794, 13.378061898496343 ], [ -85.337491705216721, 13.378168262413347 ], [ -85.337373919413054, 13.378246410405135 ], [ -85.337324649911906, 13.378520639668931 ], [ -85.337389173220117, 13.378729131537458 ], [ -85.337498105425354, 13.378873342397361 ], [ -85.337767709109826, 13.379097532061852 ], [ -85.338001314283474, 13.379228213813345 ], [ -85.338167903301866, 13.379349066954752 ] ] ] } },
{ "type": "Feature", "properties": { "OBJECTID": 68, "Cuenca": 55.0, "Nombre_Rio": "Kusuli", "Categoria": "Terciario", "Tipo_Rio": "Intermitente", "Long_Km": 1.5213947398000001, "Shape_Leng": 1521.3947517300001 }, "geometry": { "type": "MultiLineString", "coordinates": [ [ [ -85.342485488841874, 13.336720066858707 ], [ -85.343625598535567, 13.337143654205265 ], [ -85.344269164606118, 13.337320051819571 ], [ -85.344795994941819, 13.337423938166928 ], [ -85.345032172432909, 13.337530710082646 ], [ -85.345617242150439, 13.337689982293425 ], [ -85.345921215852158, 13.337883293111524 ], [ -85.346347787427376, 13.338005655424414 ], [ -85.347445236184043, 13.338240011717103 ], [ -85.348152582889284, 13.338376159710512 ], [ -85.348371812801986, 13.338461293548278 ], [ -85.348821754995171, 13.338739257729921 ], [ -85.349026094962241, 13.339218908728572 ], [ -85.349009498925426, 13.339864533261963 ], [ -85.348797766797489, 13.340473011566933 ], [ -85.348596864350583, 13.341284847617581 ], [ -85.348365178757717, 13.341966138962229 ], [ -85.348112070826673, 13.342552823626415 ], [ -85.347802200812865, 13.342866494403111 ], [ -85.347505130705571, 13.343452891595762 ], [ -85.347442613719551, 13.34402646724709 ], [ -85.347498300843981, 13.344457317995278 ], [ -85.347754943550854, 13.345506510879659 ] ] ] } },
{ "type": "Feature", "properties": { "OBJECTID": 69, "Cuenca": 55.0, "Nombre_Rio": null, "Categoria": "Terciario", "Tipo_Rio": "Permanente", "Long_Km": 1.38716227933, "Shape_Leng": 1387.16225416 }, "geometry": { "type": "MultiLineString", "coordinates": [ [ [ -85.336637003590695, 13.353638160331526 ], [ -85.336749518672875, 13.354327675995311 ], [ -85.337034051338264, 13.35557795090604 ], [ -85.337192595101271, 13.355966428797101 ], [ -85.337541644406144, 13.356356157362402 ], [ -85.337760573851241, 13.356486739868084 ], [ -85.338198925487177, 13.356676161097571 ], [ -85.338696876869989, 13.356722476871404 ], [ -85.33916709054391, 13.356539016996781 ], [ -85.339597276613063, 13.356278265629514 ], [ -85.340111566077908, 13.356078352482522 ], [ -85.340699371127101, 13.355843045688292 ], [ -85.34078567204979, 13.355724031644575 ], [ -85.340970157585858, 13.3555339132706 ], [ -85.341288238031524, 13.355452290613263 ], [ -85.341520344596674, 13.355441852967777 ], [ -85.341776222171077, 13.355527234756124 ], [ -85.341970633177411, 13.35567200275969 ], [ -85.342153075798151, 13.355780818959905 ], [ -85.342311096085282, 13.355889474277296 ], [ -85.34245698549725, 13.355986093236707 ], [ -85.342749663420562, 13.356047798544619 ], [ -85.343078813531136, 13.356133657729327 ], [ -85.3432731433561, 13.356290383018754 ], [ -85.343343477439674, 13.356721329621775 ], [ -85.343365780474755, 13.357032382370029 ], [ -85.343387919407789, 13.357367349604457 ], [ -85.343496277227743, 13.357595259957987 ], [ -85.343555379070423, 13.357882636972306 ], [ -85.343528833091668, 13.35819337014641 ], [ -85.343527609179802, 13.358372731568771 ], [ -85.34363637542549, 13.358540854770158 ], [ -85.343757761609055, 13.358649270677914 ], [ -85.343915702865417, 13.358769883424866 ], [ -85.344073480220501, 13.358914410584649 ], [ -85.344182083938506, 13.359106448118162 ], [ -85.344246067055607, 13.359344086976682 ] ] ] } },
{ "type": "Feature", "properties": { "OBJECTID": 70, "Cuenca": 55.0, "Nombre_Rio": null, "Categoria": "Terciario", "Tipo_Rio": "Intermitente", "Long_Km": 1.9418183738000001, "Shape_Leng": 1618.3354358500001 }, "geometry": { "type": "MultiLineString", "coordinates": [ [ [ -85.316418742125236, 13.365166283920956 ], [ -85.316245676007085, 13.364879461976054 ], [ -85.315999385304849, 13.364468865997686 ], [ -85.315730118020326, 13.364201611159846 ], [ -85.315366044709364, 13.363869153558927 ], [ -85.315038360041413, 13.363572809743314 ], [ -85.314797407285397, 13.363449236760168 ], [ -85.314790079575758, 13.363449187971616 ], [ -85.314227675402989, 13.363187154128399 ], [ -85.313891169924261, 13.363105991005259 ], [ -85.313268702809808, 13.363051621527024 ], [ -85.312828419652121, 13.363141958101913 ], [ -85.312280689680179, 13.363316596756791 ], [ -85.311937669497453, 13.363469759934217 ], [ -85.311478011218696, 13.363711828764242 ], [ -85.311116671726396, 13.363864868487646 ], [ -85.310583531358915, 13.364136339597581 ], [ -85.310160921984078, 13.364318863258941 ], [ -85.309621548346456, 13.364608226412297 ], [ -85.309169366410245, 13.364653037105297 ], [ -85.308663187794394, 13.364559971639892 ], [ -85.308121749598826, 13.364269367139746 ], [ -85.307668845692774, 13.364184308285399 ], [ -85.307294655358433, 13.364253553220308 ], [ -85.3068098047859, 13.364429675447836 ], [ -85.306368766868275, 13.364627615115138 ], [ -85.305774356453199, 13.364752780023167 ], [ -85.305459434447016, 13.364729148189816 ], [ -85.304816238600708, 13.364495251790871 ], [ -85.304304484028265, 13.364326806665636 ], [ -85.303784400433557, 13.364301798166847 ], [ -85.303337638620249, 13.364270105076912 ], [ -85.302988345618871, 13.364376520139617 ] ] ] } },
{ "type": "Feature", "properties": { "OBJECTID": 71, "Cuenca": 55.0, "Nombre_Rio": null, "Categoria": "Terciario", "Tipo_Rio": "Permanente", "Long_Km": 0.79144494867000004, "Shape_Leng": 791.44498891800004 }, "geometry": { "type": "MultiLineString", "coordinates": [ [ [ -85.322284738566125, 13.372143843474275 ], [ -85.322113845750962, 13.372253760037937 ], [ -85.321415472733435, 13.373193053179074 ], [ -85.321255151883079, 13.373414090100528 ], [ -85.320902330000351, 13.373589427935404 ], [ -85.320549892238375, 13.373709243235654 ], [ -85.3202435894285, 13.373718314450812 ], [ -85.319513051735257, 13.373569095993517 ], [ -85.318867808684686, 13.373387128481587 ], [ -85.318482269875602, 13.373373460424423 ], [ -85.317983236909967, 13.373370142323472 ], [ -85.317666903636848, 13.373190358952321 ], [ -85.317407817867334, 13.372933220195678 ], [ -85.316945740653239, 13.372508156399411 ], [ -85.316652631757705, 13.37225079064272 ], [ -85.316165637401241, 13.372147604814383 ] ] ] } },
{ "type": "Feature", "properties": { "OBJECTID": 72, "Cuenca": 55.0, "Nombre_Rio": null, "Categoria": "Terciario", "Tipo_Rio": "Intermitente", "Long_Km": 1.4753869262799999, "Shape_Leng": 1475.38694753 }, "geometry": { "type": "MultiLineString", "coordinates": [ [ [ -85.338534325847817, 13.316744281522142 ], [ -85.338296477665253, 13.316706851805955 ], [ -85.338059567051289, 13.316531910292499 ], [ -85.337871701468444, 13.316327395604294 ], [ -85.337738861888823, 13.316111283220543 ], [ -85.337654983684104, 13.31587755326489 ], [ -85.337528372232597, 13.315643544451612 ], [ -85.337444820824061, 13.315361985457951 ], [ -85.337440961012163, 13.315033116124365 ], [ -85.337331888676346, 13.31491282240056 ], [ -85.337137062441656, 13.3148338207716 ], [ -85.336930639050067, 13.314665057432835 ], [ -85.336833817569968, 13.314538864416878 ], [ -85.336798290977271, 13.314377199440409 ], [ -85.336665207397218, 13.314196958435533 ], [ -85.33662337155674, 13.314065147034745 ], [ -85.336593867811857, 13.313915479273973 ], [ -85.336618727080079, 13.313672497505847 ], [ -85.336708792486831, 13.313357396997658 ], [ -85.33682098245545, 13.31302091746846 ], [ -85.336851608182357, 13.312827399012875 ], [ -85.336941966708935, 13.312469251686123 ], [ -85.337016644904537, 13.312261672079213 ], [ -85.337039896012072, 13.312075280495625 ], [ -85.337041610011283, 13.311824174598827 ], [ -85.337042834275721, 13.311644813111666 ], [ -85.337044009555854, 13.311472625611524 ], [ -85.337111556903139, 13.31123630018701 ], [ -85.337193903407339, 13.310978547759913 ], [ -85.337195470218148, 13.310748964697442 ], [ -85.337175402054015, 13.310469017130162 ], [ -85.337096582105943, 13.310210209738507 ], [ -85.336787755946986, 13.309517256897731 ], [ -85.336527654783865, 13.308984620728692 ], [ -85.336347010076722, 13.308617523738738 ], [ -85.336289531209886, 13.308452127406611 ], [ -85.336261501092693, 13.308265400071354 ], [ -85.336190252682997, 13.307970767864633 ], [ -85.336178197355764, 13.307590426127163 ], [ -85.336225200774777, 13.307322875539706 ], [ -85.336337779372784, 13.306928999386988 ], [ -85.336428037442602, 13.306585200799791 ], [ -85.33652567023195, 13.306234276108409 ], [ -85.336630578860422, 13.305890573275516 ], [ -85.33678735415856, 13.305461112646334 ], [ -85.336906815208636, 13.305131855275018 ], [ -85.336945303561436, 13.30485946516445 ], [ -85.336968943963228, 13.304615677839832 ] ] ] } },
{ "type": "Feature", "properties": { "OBJECTID": 73, "Cuenca": 55.0, "Nombre_Rio": null, "Categoria": "Terciario", "Tipo_Rio": "Permanente", "Long_Km": 0.96948422244, "Shape_Leng": 969.48424543700003 }, "geometry": { "type": "MultiLineString", "coordinates": [ [ [ -85.32833511685682, 13.321752505283497 ], [ -85.328115926852035, 13.321664964987699 ], [ -85.327926385182522, 13.321527396273741 ], [ -85.327810252787813, 13.321368787297645 ], [ -85.327656898559241, 13.321296029787984 ], [ -85.327496268160104, 13.321216049078441 ], [ -85.327372119639023, 13.321157833287925 ], [ -85.327174513808885, 13.321127832287425 ], [ -85.326925429167034, 13.321126190756296 ], [ -85.326720496981849, 13.32109614112469 ], [ -85.326632683409002, 13.321081212836903 ], [ -85.326634014846405, 13.32088750363876 ], [ -85.326510310582321, 13.320764717438236 ], [ -85.326459571487604, 13.320685460549258 ], [ -85.326248004742652, 13.320554920737189 ], [ -85.326087029163403, 13.320525160463527 ], [ -85.325742805541367, 13.320508541056713 ], [ -85.325318044987213, 13.320484214744406 ], [ -85.324996193984532, 13.320410344178704 ], [ -85.324755719375943, 13.320222214760472 ], [ -85.324420156043971, 13.320011932973381 ], [ -85.324139088570149, 13.319938091054564 ], [ -85.323815936345596, 13.319876168225422 ], [ -85.323468116823463, 13.319849956124672 ], [ -85.323260876077583, 13.319800755748229 ], [ -85.323042126596192, 13.319649837364642 ], [ -85.322896595756092, 13.319505381807865 ], [ -85.322738895590106, 13.319354866487298 ], [ -85.322556487797314, 13.319246040247524 ], [ -85.322257839011456, 13.319172319773424 ], [ -85.322050517716136, 13.319135075662466 ], [ -85.321788869367566, 13.319007789116537 ], [ -85.321588435740708, 13.318856990718274 ], [ -85.321503955813583, 13.318712938083744 ], [ -85.321456022703202, 13.318581083839915 ], [ -85.321487989867748, 13.318372033254631 ], [ -85.321507500007698, 13.318198772488405 ], [ -85.321471818775422, 13.318061021755165 ], [ -85.32137451034491, 13.318006567464563 ], [ -85.32115177363805, 13.317935972672432 ] ] ] } },
{ "type": "Feature", "properties": { "OBJECTID": 74, "Cuenca": 55.0, "Nombre_Rio": "Barrial Colorado", "Categoria": "Terciario", "Tipo_Rio": "Intermitente", "Long_Km": 0.72033306715000001, "Shape_Leng": 720.33302041800005 }, "geometry": { "type": "MultiLineString", "coordinates": [ [ [ -85.330668260229814, 13.31810705241163 ], [ -85.329838313541629, 13.318053762609511 ], [ -85.329411377278717, 13.317991164326095 ], [ -85.329124771632237, 13.317941446585708 ], [ -85.328807724346305, 13.317879570438217 ], [ -85.328349812640667, 13.317882535442568 ], [ -85.327996217768302, 13.317808459961446 ], [ -85.327697362968578, 13.317764639319341 ], [ -85.327502169052096, 13.317739437304235 ], [ -85.327081051295764, 13.317718726948428 ], [ -85.326671896916196, 13.317733967010779 ], [ -85.326268888039209, 13.317743269412 ], [ -85.325792579911337, 13.317758065373059 ], [ -85.325106314265611, 13.317852590794859 ], [ -85.324832747113149, 13.317860352075879 ], [ -85.324613297895965, 13.317811073314992 ], [ -85.324472025954606, 13.317757525917502 ], [ -85.324086851947243, 13.317659321328911 ] ] ] } },
{ "type": "Feature", "properties": { "OBJECTID": 75, "Cuenca": 55.0, "Nombre_Rio": null, "Categoria": "Terciario", "Tipo_Rio": "Permanente", "Long_Km": 0.44290694452000001, "Shape_Leng": 442.90696037399999 }, "geometry": { "type": "MultiLineString", "coordinates": [ [ [ -85.3125472284718, 13.319436724678679 ], [ -85.312546432926013, 13.319551514227287 ], [ -85.31245819042806, 13.319598759171994 ], [ -85.31225293120589, 13.319616526585417 ], [ -85.312095849502541, 13.319730277991281 ], [ -85.31198681070299, 13.319959142625176 ], [ -85.311867009175899, 13.320331430013303 ], [ -85.311796444246056, 13.320646647337329 ], [ -85.311764818803013, 13.320981255442334 ], [ -85.311761833719785, 13.321411716921427 ], [ -85.311818619426134, 13.321850945981863 ], [ -85.31189022090453, 13.322090578562822 ], [ -85.311937071138146, 13.322377877991146 ], [ -85.311958671612146, 13.322784586788003 ], [ -85.311988467587312, 13.323057244475862 ] ] ] } },
{ "type": "Feature", "properties": { "OBJECTID": 76, "Cuenca": 55.0, "Nombre_Rio": null, "Categoria": "Terciario", "Tipo_Rio": "Intermitente", "Long_Km": 0.60046520359, "Shape_Leng": 600.46517391600003 }, "geometry": { "type": "MultiLineString", "coordinates": [ [ [ -85.321614311846616, 13.327022510855919 ], [ -85.321321511371053, 13.326984700930362 ], [ -85.321021929832753, 13.326867922735978 ], [ -85.320707795302454, 13.3267366994125 ], [ -85.320474099892635, 13.326627531798588 ], [ -85.320218624792673, 13.326489521926209 ], [ -85.319751186585933, 13.326278360537628 ], [ -85.319152919387093, 13.325915662778241 ], [ -85.318612420407533, 13.325675316803423 ], [ -85.318313189123046, 13.325508315641985 ], [ -85.318021978086975, 13.325240921633853 ], [ -85.31784778786826, 13.325003001801671 ], [ -85.31760830738682, 13.324671377634061 ], [ -85.317536435127508, 13.324470009821876 ], [ -85.317405407864214, 13.324347170973613 ], [ -85.31708420134747, 13.324180022931809 ] ] ] } },
{ "type": "Feature", "properties": { "OBJECTID": 77, "Cuenca": 55.0, "Nombre_Rio": null, "Categoria": "Terciario", "Tipo_Rio": "Intermitente", "Long_Km": 0.66440900181999996, "Shape_Leng": 664.40900219499997 }, "geometry": { "type": "MultiLineString", "coordinates": [ [ [ -85.326690661329494, 13.331384574167402 ], [ -85.326559330362542, 13.331304785481413 ], [ -85.326435127915602, 13.331253742634116 ], [ -85.326061880051512, 13.331193882197086 ], [ -85.325725164794363, 13.331148611780275 ], [ -85.325198163165496, 13.331073385853509 ], [ -85.324839864216997, 13.330970574101761 ], [ -85.324583838322766, 13.3309114856209 ], [ -85.324196136858234, 13.33082282734105 ], [ -85.323867589846913, 13.33065563890902 ], [ -85.323590277447579, 13.330495962024822 ], [ -85.323400387302343, 13.330408610632784 ], [ -85.323013823801972, 13.330154940404327 ], [ -85.3227656702242, 13.330016980052182 ], [ -85.322437471738922, 13.329799568906896 ], [ -85.322196941549905, 13.329618610255858 ], [ -85.321795579733134, 13.329386364227259 ], [ -85.321532874228097, 13.329233957164046 ], [ -85.321257405944252, 13.328904748570469 ] ] ] } },
{ "type": "Feature", "properties": { "OBJECTID": 78, "Cuenca": 55.0, "Nombre_Rio": null, "Categoria": "Terciario", "Tipo_Rio": "Permanente", "Long_Km": 0.33207982719000001, "Shape_Leng": 332.07979238799999 }, "geometry": { "type": "MultiLineString", "coordinates": [ [ [ -85.313204878947317, 13.333243534520001 ], [ -85.313232927356751, 13.33236840917629 ], [ -85.313175311969744, 13.332224532577465 ], [ -85.312970474115929, 13.332180122276069 ], [ -85.31266316682219, 13.332120680864042 ], [ -85.312377490638156, 13.332111605251191 ], [ -85.312143098097664, 13.332102871473349 ], [ -85.311938111274245, 13.332079982932589 ], [ -85.311799458996987, 13.332000138376484 ], [ -85.311720164008051, 13.331813069253332 ], [ -85.311647946892037, 13.331661920113893 ], [ -85.311583174329769, 13.331450503588961 ] ] ] } },
{ "type": "Feature", "properties": { "OBJECTID": 79, "Cuenca": 0.0, "Nombre_Rio": null, "Categoria": null, "Tipo_Rio": "Intermitente", "Long_Km": 0.0, "Shape_Leng": 1021.2351406 }, "geometry": { "type": "MultiLineString", "coordinates": [ [ [ -85.364188913310585, 13.353934891413754 ], [ -85.363531544416034, 13.35299639437936 ], [ -85.362706623649231, 13.352300530342356 ], [ -85.362339340795103, 13.351404526064401 ], [ -85.361889376995819, 13.350467366762784 ], [ -85.361524290966642, 13.349246418725835 ], [ -85.361072141341182, 13.348634200812622 ], [ -85.360619172574587, 13.348143835507818 ], [ -85.359915967890558, 13.347854947747836 ], [ -85.359255338956203, 13.347403856301213 ], [ -85.359050419123591, 13.347036953184714 ], [ -85.358845225507181, 13.34671066825956 ] ] ] } }
]
}
