{
"type": "FeatureCollection",
"name": "red_hidrica_cuenca_2_p2",
"crs": { "type": "name", "properties": { "name": "urn:ogc:def:crs:OGC:1.3:CRS84" } },
"features": [
{ "type": "Feature", "properties": { "fid": 495, "STRM_VAL": 1.0 }, "geometry": { "type": "MultiLineString", "coordinates": [ [ [ -85.36257971251743, 13.333031484256761 ], [ -85.363408952614947, 13.333036836103703 ], [ -85.363683486589139, 13.333317991302165 ], [ -85.363961779548447, 13.333040402497113 ], [ -85.363963658660708, 13.332761030600718 ], [ -85.364240071870825, 13.332762813307367 ], [ -85.364514606643297, 13.333043967686876 ], [ -85.364791020251218, 13.33304574983039 ], [ -85.365340092406043, 13.333608057374994 ], [ -85.365336337052284, 13.334166801509705 ], [ -85.365612752049785, 13.334168582905091 ], [ -85.365334459311001, 13.334446173567454 ], [ -85.365608997158631, 13.334727327091503 ], [ -85.366161828543241, 13.334730889134041 ], [ -85.366159951667626, 13.335010261294935 ], [ -85.366712783847788, 13.335013822210923 ], [ -85.366987324031356, 13.335294974487853 ], [ -85.366985448021509, 13.335574346751821 ], [ -85.367259989111162, 13.335855498830835 ], [ -85.367258113332753, 13.336134871120619 ], [ -85.367532655328532, 13.336416023001679 ], [ -85.367527028558982, 13.337254139929238 ], [ -85.367248733797297, 13.337531732473504 ], [ -85.367246857761529, 13.337811104724876 ], [ -85.36669026560638, 13.338366288569423 ] ] ] } },
{ "type": "Feature", "properties": { "fid": 496, "STRM_VAL": 1.0 }, "geometry": { "type": "MultiLineString", "coordinates": [ [ [ -85.36669026560638, 13.338366288569423 ], [ -85.366133670902457, 13.338921470875203 ], [ -85.365304409610232, 13.338916125620823 ], [ -85.365302531138909, 13.339195497569737 ], [ -85.364467630730175, 13.34002826495021 ], [ -85.364465751135086, 13.340307636757501 ], [ -85.363630843909931, 13.341140400539183 ], [ -85.363354421263267, 13.341138616069726 ], [ -85.362797812705864, 13.341693789320079 ], [ -85.362521389545606, 13.341692003869879 ], [ -85.362519507471134, 13.34197137536783 ], [ -85.361962895089519, 13.342526546308401 ], [ -85.362237436600211, 13.342807703917043 ], [ -85.362235554036261, 13.343087075350645 ], [ -85.361957246445485, 13.343364660493014 ], [ -85.361680821502077, 13.343362873907031 ], [ -85.361677054889384, 13.343921616587258 ], [ -85.361398745663223, 13.344199200914383 ], [ -85.361396861931837, 13.344478572199735 ], [ -85.360840240846031, 13.345033739608395 ], [ -85.360563814159718, 13.345031951585206 ], [ -85.359728876918382, 13.345864698789777 ], [ -85.359725105086184, 13.34642344081192 ], [ -85.359446790676103, 13.346701022352667 ], [ -85.35917036228723, 13.346699232590726 ], [ -85.358895820872021, 13.3464180716425 ], [ -85.358619392881579, 13.34641628131692 ], [ -85.358344852456653, 13.346135119876283 ], [ -85.358350514773008, 13.345297007396333 ], [ -85.356139102790507, 13.345282672781167 ], [ -85.355860786222323, 13.345560250082285 ], [ -85.355584359629972, 13.345558456559941 ], [ -85.355027724027053, 13.346113609325844 ], [ -85.355025832692263, 13.34639297967332 ], [ -85.354747513573713, 13.34667055543283 ], [ -85.354743730053045, 13.347229296017927 ], [ -85.354187088460094, 13.347784446199267 ], [ -85.354185195913416, 13.348063816391548 ], [ -85.35307190363207, 13.349174111946621 ], [ -85.352519043044666, 13.349170517563955 ], [ -85.352517148376435, 13.349449887490527 ], [ -85.352791684573432, 13.349731054830579 ], [ -85.352235032609016, 13.350286199432658 ], [ -85.352229347002222, 13.351124308999296 ], [ -85.351951018980628, 13.351401880585707 ], [ -85.351674586288524, 13.351400082028062 ], [ -85.351117927777779, 13.351955223363122 ], [ -85.351116031088523, 13.352234593030673 ] ] ] } },
{ "type": "Feature", "properties": { "fid": 497, "STRM_VAL": 1.0 }, "geometry": { "type": "MultiLineString", "coordinates": [ [ [ -85.351116031088523, 13.352234593030673 ], [ -85.351112237580054, 13.352793332346538 ], [ -85.350555574351844, 13.353348471866104 ], [ -85.350549881598184, 13.354186580519295 ], [ -85.350271547944075, 13.354464149564091 ], [ -85.349718676100437, 13.354460547673003 ], [ -85.349714878721755, 13.355019286496118 ], [ -85.349438442225605, 13.355017485020403 ], [ -85.349160106380367, 13.355295052567136 ], [ -85.348883669647947, 13.355293250449545 ], [ -85.348605332887658, 13.355570817269882 ], [ -85.348603432775661, 13.355850186502813 ], [ -85.348325095016165, 13.356127752891718 ], [ -85.348323194499656, 13.35640712207276 ], [ -85.348044855740895, 13.356684688030205 ], [ -85.34693910335308, 13.356677472146927 ], [ -85.346660762848259, 13.356955036356194 ], [ -85.346384324576277, 13.356953231291181 ] ] ] } },
{ "type": "Feature", "properties": { "fid": 498, "STRM_VAL": 1.0 }, "geometry": { "type": "MultiLineString", "coordinates": [ [ [ -85.346384324576277, 13.356953231291181 ], [ -85.346382421705272, 13.357232600179378 ], [ -85.345825737504754, 13.357787726667436 ], [ -85.34582383386784, 13.358067095458148 ], [ -85.34526714639199, 13.358622220310556 ], [ -85.344161386738648, 13.358614991273029 ] ] ] } },
{ "type": "Feature", "properties": { "fid": 499, "STRM_VAL": 1.0 }, "geometry": { "type": "MultiLineString", "coordinates": [ [ [ -85.344161386738648, 13.358614991273029 ], [ -85.343883040935523, 13.358892551757359 ], [ -85.343869697773684, 13.36084813105979 ], [ -85.343591348802832, 13.36112569083873 ], [ -85.343589442101376, 13.361405059239237 ], [ -85.343863978622934, 13.361686236378825 ], [ -85.344140421930305, 13.361688044822758 ], [ -85.34441495944364, 13.361969221470279 ], [ -85.344409241677951, 13.362807326947237 ], [ -85.344130890731336, 13.363084887088563 ], [ -85.344127077947149, 13.36364362394994 ], [ -85.343848725639191, 13.363921183613744 ], [ -85.34412326498888, 13.364202360785631 ], [ -85.344121358444454, 13.364481729193852 ], [ -85.343843005052136, 13.364759288720892 ], [ -85.343837284073359, 13.365597393770249 ], [ -85.343558928957975, 13.36587495277411 ], [ -85.343006033009772, 13.365871333202954 ], [ -85.342449319754692, 13.366426448687891 ], [ -85.340790629566527, 13.36641557864378 ], [ -85.340516092327974, 13.366134398060293 ], [ -85.339959373362476, 13.366689507317732 ], [ -85.339947902471181, 13.3683657137948 ], [ -85.34049698053623, 13.368928076307164 ], [ -85.341326333910075, 13.368933514651239 ], [ -85.341600874969728, 13.369214694775424 ], [ -85.341322512936728, 13.369492250458958 ], [ -85.341318691788999, 13.370050986240978 ], [ -85.341871596787428, 13.370054610608793 ], [ -85.342149958989438, 13.369777054334596 ], [ -85.342699045543114, 13.370339412974721 ], [ -85.342697136450738, 13.370618781045733 ], [ -85.342418773718137, 13.370896337864986 ], [ -85.342413045094645, 13.371734441902602 ], [ -85.342134680638054, 13.372011998198342 ], [ -85.342125130252242, 13.373408837904366 ], [ -85.341568395804757, 13.373963948879435 ], [ -85.341842942165115, 13.374245129331399 ], [ -85.34183912080789, 13.37480386505184 ], [ -85.342113668351232, 13.37508504533953 ], [ -85.342109847368945, 13.375643781099837 ] ] ] } },
{ "type": "Feature", "properties": { "fid": 500, "STRM_VAL": 1.0 }, "geometry": { "type": "MultiLineString", "coordinates": [ [ [ -85.342109847368945, 13.375643781099837 ], [ -85.342106026212335, 13.376202516834438 ], [ -85.341549284528782, 13.376757626896614 ], [ -85.340443444314658, 13.37675037198014 ], [ -85.34044153167423, 13.377029739589556 ], [ -85.340163158402476, 13.377307292630116 ], [ -85.33988861117632, 13.377026110241284 ], [ -85.339610237349945, 13.377303662599468 ], [ -85.339608323667434, 13.377583030078245 ], [ -85.339051573373141, 13.378138133542469 ] ] ] } },
{ "type": "Feature", "properties": { "fid": 501, "STRM_VAL": 1.0 }, "geometry": { "type": "MultiLineString", "coordinates": [ [ [ -85.339051573373141, 13.378138133542469 ], [ -85.336546165403504, 13.380636079975268 ], [ -85.336526986353093, 13.383429749378234 ], [ -85.336248600871713, 13.383707296588721 ], [ -85.335972133576917, 13.383705476592207 ], [ -85.335693747178595, 13.383983023074036 ], [ -85.335140812157491, 13.383979381491869 ], [ -85.334866264808511, 13.383698193585355 ], [ -85.334313330670824, 13.383694550269459 ] ] ] } },
{ "type": "Feature", "properties": { "fid": 502, "STRM_VAL": 1.0 }, "geometry": { "type": "MultiLineString", "coordinates": [ [ [ -85.334313330670824, 13.383694550269459 ], [ -85.333478164564781, 13.384527182406632 ], [ -85.333476242741213, 13.384806548852634 ], [ -85.331249102083007, 13.387026883805943 ], [ -85.331239477813853, 13.388423714104299 ], [ -85.33096300584485, 13.388421887999352 ], [ -85.33068460829449, 13.388699427553629 ], [ -85.330678831163439, 13.389537525399238 ], [ -85.330402358002544, 13.389535698531972 ], [ -85.330123958447558, 13.389813237219176 ], [ -85.330122031968358, 13.390092603069419 ], [ -85.329843631410995, 13.390370141323038 ], [ -85.329841704525379, 13.39064950712091 ], [ -85.329565230213717, 13.390647679188982 ], [ -85.329557520957593, 13.391765142158055 ], [ -85.326773459282109, 13.394540497651647 ], [ -85.326496980963057, 13.394538665841004 ], [ -85.326218570997654, 13.394816198915212 ], [ -85.326216639266008, 13.395095564095952 ], [ -85.325940160392122, 13.395093731601468 ], [ -85.32593822829773, 13.395373096736174 ], [ -85.324555832954644, 13.395363929530605 ] ] ] } },
{ "type": "Feature", "properties": { "fid": 503, "STRM_VAL": 1.0 }, "geometry": { "type": "MultiLineString", "coordinates": [ [ [ -85.324555832954644, 13.395363929530605 ], [ -85.324279354010073, 13.395362095182453 ] ] ] } },
{ "type": "Feature", "properties": { "fid": 504, "STRM_VAL": 1.0 }, "geometry": { "type": "MultiLineString", "coordinates": [ [ [ -85.324279354010073, 13.395362095182453 ], [ -85.323444112271119, 13.396194684619498 ], [ -85.323167632535785, 13.396192848942993 ], [ -85.323159890439015, 13.397310307754916 ], [ -85.321489379301156, 13.398975472989937 ], [ -85.321471937404652, 13.401489752449013 ], [ -85.321193513373487, 13.401767278213978 ], [ -85.321185758819695, 13.402884735399164 ], [ -85.320350478526208, 13.403717309809849 ] ] ] } },
{ "type": "Feature", "properties": { "fid": 505, "STRM_VAL": 1.0 }, "geometry": { "type": "MultiLineString", "coordinates": [ [ [ -85.320350478526208, 13.403717309809849 ], [ -85.320346598805827, 13.40427603808677 ], [ -85.320068170033878, 13.40455356202111 ], [ -85.32006428941051, 13.405112290179888 ], [ -85.31978585927159, 13.405389813633375 ], [ -85.319783918530476, 13.405669177656904 ], [ -85.318670190114929, 13.406779267400733 ], [ -85.318627450660898, 13.412925270220692 ] ] ] } },
{ "type": "Feature", "properties": { "fid": 506, "STRM_VAL": 1.0 }, "geometry": { "type": "MultiLineString", "coordinates": [ [ [ -85.318627450660898, 13.412925270220692 ], [ -85.316956790849844, 13.4145903870743 ], [ -85.315574292090943, 13.414581157754391 ] ] ] } },
{ "type": "Feature", "properties": { "fid": 507, "STRM_VAL": 1.0 }, "geometry": { "type": "MultiLineString", "coordinates": [ [ [ -85.315574292090943, 13.414581157754391 ], [ -85.31475063690533, 13.413737527207655 ], [ -85.313921141396406, 13.413731983616007 ], [ -85.313646592021755, 13.413450772186078 ], [ -85.312540600036087, 13.413443375440325 ], [ -85.312262151502736, 13.413720888257966 ], [ -85.312260200817292, 13.414000251012489 ], [ -85.31198175127922, 13.414277763394683 ], [ -85.309769762314303, 13.414262949567613 ], [ -85.309491309914975, 13.414540458818788 ] ] ] } },
{ "type": "Feature", "properties": { "fid": 508, "STRM_VAL": 1.0 }, "geometry": { "type": "MultiLineString", "coordinates": [ [ [ -85.309491309914975, 13.414540458818788 ], [ -85.309212856874481, 13.414817967680746 ], [ -85.309208948080851, 13.415376692252613 ], [ -85.307816669622923, 13.416764230258822 ], [ -85.307808844226713, 13.417881678395741 ] ] ] } },
{ "type": "Feature", "properties": { "fid": 509, "STRM_VAL": 1.0 }, "geometry": { "type": "MultiLineString", "coordinates": [ [ [ -85.307808844226713, 13.417881678395741 ], [ -85.307802974712217, 13.418719764430636 ], [ -85.307524514550096, 13.418997270538494 ], [ -85.307512772136121, 13.420673442154989 ], [ -85.307787320715107, 13.42095466023955 ], [ -85.307777535520316, 13.422351469910232 ], [ -85.307499070627571, 13.422628975413708 ], [ -85.307491240214674, 13.423746422848026 ], [ -85.307212773224435, 13.424023927776009 ], [ -85.307210815145922, 13.424303289571936 ], [ -85.306934305592534, 13.424301432314435 ], [ -85.306655837318942, 13.424578936463291 ], [ -85.306379327529712, 13.424577078559707 ], [ -85.306653878512407, 13.424858298166203 ], [ -85.306375409233098, 13.42513580187895 ], [ -85.306365612711915, 13.426532610063983 ], [ -85.306087140970533, 13.426810113154479 ], [ -85.306085181168527, 13.427089474725573 ], [ -85.306634287997014, 13.427651914839961 ], [ -85.306628409973769, 13.428489999716094 ], [ -85.306071461306928, 13.42904500554231 ], [ -85.306069501148457, 13.429324367061714 ], [ -85.305791025487977, 13.429601869343706 ], [ -85.305514510072399, 13.429600009809629 ], [ -85.305512549185579, 13.42987937123595 ], [ -85.30578710430899, 13.430160592270042 ], [ -85.306616652724472, 13.430166169293875 ], [ -85.306891209568789, 13.43044738930926 ], [ -85.306889250146412, 13.430726750916525 ], [ -85.30716380790237, 13.431007970735978 ], [ -85.307157930193341, 13.43184605561977 ], [ -85.306322494786272, 13.432678564158948 ], [ -85.306306810193774, 13.434913455781507 ], [ -85.305749844216464, 13.435468458780717 ], [ -85.305747882713234, 13.43574782011137 ], [ -85.305469398396866, 13.436025320979592 ], [ -85.305465474527935, 13.436584043528402 ] ] ] } },
{ "type": "Feature", "properties": { "fid": 510, "STRM_VAL": 1.0 }, "geometry": { "type": "MultiLineString", "coordinates": [ [ [ -85.305465474527935, 13.436584043528402 ], [ -85.30295908021597, 13.439081532955013 ], [ -85.302957114934642, 13.439360893800469 ], [ -85.302678623101187, 13.439638390628721 ], [ -85.302674691675492, 13.44019711220699 ], [ -85.302117704622944, 13.440752104506537 ] ] ] } },
{ "type": "Feature", "properties": { "fid": 511, "STRM_VAL": 1.0 }, "geometry": { "type": "MultiLineString", "coordinates": [ [ [ -85.302117704622944, 13.440752104506537 ], [ -85.302666828288196, 13.441314555285906 ], [ -85.302660930278805, 13.442152637527167 ] ] ] } },
{ "type": "Feature", "properties": { "fid": 512, "STRM_VAL": 1.0 }, "geometry": { "type": "MultiLineString", "coordinates": [ [ [ -85.302660930278805, 13.442152637527167 ], [ -85.302382434521746, 13.442430133545653 ], [ -85.30072325741493, 13.442418938879575 ], [ -85.299052259369375, 13.444083894423679 ], [ -85.298499197333939, 13.44408015631676 ], [ -85.295157125155967, 13.447410016984447 ] ] ] } },
{ "type": "Feature", "properties": { "fid": 513, "STRM_VAL": 1.0 }, "geometry": { "type": "MultiLineString", "coordinates": [ [ [ -85.295157125155967, 13.447410016984447 ], [ -85.294600104126616, 13.447964988293769 ], [ -85.293770499715038, 13.447959364416892 ], [ -85.293213474446361, 13.448514332099775 ], [ -85.292660403937674, 13.448510579954982 ], [ -85.292103374985516, 13.449065544698803 ], [ -85.290720696672963, 13.449056155584481 ], [ -85.290171588737024, 13.448493680276771 ] ] ] } },
{ "type": "Feature", "properties": { "fid": 514, "STRM_VAL": 1.0 }, "geometry": { "type": "MultiLineString", "coordinates": [ [ [ -85.290171588737024, 13.448493680276771 ], [ -85.28770063457624, 13.445962530051736 ] ] ] } },
{ "type": "Feature", "properties": { "fid": 515, "STRM_VAL": 1.0 }, "geometry": { "type": "MultiLineString", "coordinates": [ [ [ -85.28770063457624, 13.445962530051736 ], [ -85.287424103025998, 13.445960648424386 ], [ -85.287149556112666, 13.445679408102404 ], [ -85.286319962802807, 13.445673760610395 ], [ -85.286314006003522, 13.446511835399555 ], [ -85.285199930191496, 13.447621732987271 ], [ -85.284923397101977, 13.447619848384953 ], [ -85.284644876264053, 13.447897321459923 ], [ -85.284091809656701, 13.447893550656403 ], [ -85.283817265167556, 13.447612306940259 ], [ -85.283260220627326, 13.44816724994587 ], [ -85.283534764941351, 13.448448494256162 ], [ -85.28351686045653, 13.450962714214114 ], [ -85.283238333846768, 13.451240185003313 ], [ -85.283226393298818, 13.452916331067817 ], [ -85.282947863853778, 13.453193801183106 ] ] ] } },
{ "type": "Feature", "properties": { "fid": 516, "STRM_VAL": 1.0 }, "geometry": { "type": "MultiLineString", "coordinates": [ [ [ -85.282947863853778, 13.453193801183106 ], [ -85.282941891873691, 13.454031873986576 ], [ -85.282663360689227, 13.454309343569145 ], [ -85.282655395954691, 13.45542677369461 ], [ -85.280705649417712, 13.457369048491563 ], [ -85.279876018692647, 13.457363374932294 ], [ -85.278777828924504, 13.456238378267662 ], [ -85.278779824795507, 13.455959021334904 ], [ -85.278503283077015, 13.455957128529496 ], [ -85.277954193295329, 13.455394628366884 ], [ -85.276848029749289, 13.455387052004053 ], [ -85.276573487266361, 13.455105800527804 ], [ -85.275190785605929, 13.455096321925913 ], [ -85.274912245182918, 13.455373781675885 ], [ -85.274359164261696, 13.455369987420084 ], [ -85.272409359400356, 13.457312189873546 ], [ -85.272407355935599, 13.457591545835582 ], [ -85.270457516986568, 13.459533728749879 ], [ -85.270182978728741, 13.459252470711121 ], [ -85.269904427821743, 13.459529923547459 ], [ -85.269902421109904, 13.459809279089495 ], [ -85.26934531663349, 13.46036418349081 ], [ -85.269339294029152, 13.46120224979343 ], [ -85.268364351158326, 13.462173328222477 ] ] ] } },
{ "type": "Feature", "properties": { "fid": 552, "STRM_VAL": 1.0 }, "geometry": { "type": "MultiLineString", "coordinates": [ [ [ -85.350953341286328, 13.335470604390817 ], [ -85.350945763223947, 13.336588084379372 ], [ -85.350667452576431, 13.336865656625646 ], [ -85.350659872378657, 13.337983136330061 ], [ -85.350383455126732, 13.337981338138194 ] ] ] } },
{ "type": "Feature", "properties": { "fid": 553, "STRM_VAL": 1.0 }, "geometry": { "type": "MultiLineString", "coordinates": [ [ [ -85.350383455126732, 13.337981338138194 ], [ -85.350379664133342, 13.338540077873942 ], [ -85.350654186775373, 13.338821246041093 ], [ -85.350375872966609, 13.339098817584059 ], [ -85.350650396156539, 13.339379985816409 ], [ -85.350648500782128, 13.339659355694454 ], [ -85.350923024877972, 13.339940523729947 ], [ -85.350919234547135, 13.340499263531997 ], [ -85.352024915546679, 13.340506453488642 ], [ -85.35229944225442, 13.34078762031143 ], [ -85.352575862963903, 13.340789416785777 ], [ -85.352850390661629, 13.341070583116871 ], [ -85.353126811769698, 13.341072379027995 ], [ -85.353121133304995, 13.341910489579888 ], [ -85.35395039972903, 13.341915875857135 ], [ -85.354224930312938, 13.342197041007541 ], [ -85.354223038631076, 13.342476411328015 ], [ -85.353388092019486, 13.343309136293122 ], [ -85.353111668331849, 13.343307340371547 ], [ -85.352833351242964, 13.343584914248977 ], [ -85.352280503435992, 13.343581320822176 ], [ -85.35227671515284, 13.344140060847417 ], [ -85.351998396151529, 13.344417633568391 ], [ -85.351721971397396, 13.344415835985185 ], [ -85.35172007651272, 13.344695205903831 ], [ -85.35116722649154, 13.344691609755939 ], [ -85.350888905661662, 13.344969181025496 ], [ -85.350883217760824, 13.345807290372845 ], [ -85.350604895211049, 13.34608486112057 ], [ -85.35033036544408, 13.345803692105846 ], [ -85.34950108727412, 13.345798292446334 ], [ -85.349226559213889, 13.345517122415506 ], [ -85.34895013359683, 13.345515321664442 ], [ -85.348675606527024, 13.345234151141941 ], [ -85.348118957805113, 13.345789286989802 ], [ -85.347844431535805, 13.345508115648245 ], [ -85.347568006122415, 13.345506313391208 ], [ -85.347289680612548, 13.345783880101477 ], [ -85.347287780431898, 13.346063249363553 ], [ -85.347011354465096, 13.346061446425962 ], [ -85.347009453923548, 13.346340815642536 ], [ -85.346731126777598, 13.346618381535713 ], [ -85.346729225831709, 13.346897750700368 ], [ -85.347003752038347, 13.347178923253795 ], [ -85.347001851323071, 13.347458292444724 ], [ -85.347276378436121, 13.347739464801359 ], [ -85.346998049762249, 13.348017030807336 ], [ -85.346988545100146, 13.349413876601643 ], [ -85.346710213983698, 13.349691441994224 ], [ -85.34615735399862, 13.349687833596281 ], [ -85.345879021690834, 13.349965397922157 ], [ -85.345602591482717, 13.349963592930839 ], [ -85.345594980272111, 13.351081068617344 ], [ -85.346144038674112, 13.351643416572877 ], [ -85.346973335382245, 13.351648829539007 ], [ -85.346961926269572, 13.353325043972616 ], [ -85.346405253289404, 13.353880173097481 ], [ -85.346679785991228, 13.354161346730237 ], [ -85.346677883872431, 13.354440715721703 ], [ -85.346399545979978, 13.354718279954577 ], [ -85.346397643456598, 13.354997648894113 ], [ -85.346672177255385, 13.355278822657619 ], [ -85.346115498665498, 13.355833950464184 ], [ -85.346113595650593, 13.356113319338943 ], [ -85.345835255037301, 13.356390882617582 ], [ -85.346384324576277, 13.356953231291181 ] ] ] } },
{ "type": "Feature", "properties": { "fid": 560, "STRM_VAL": 1.0 }, "geometry": { "type": "MultiLineString", "coordinates": [ [ [ -85.344858922150507, 13.337386572888821 ], [ -85.345688169680443, 13.337391984387605 ], [ -85.345962685141046, 13.337673156877422 ], [ -85.346515517747733, 13.337676762514477 ], [ -85.34679003455625, 13.337957934251284 ], [ -85.347068350517532, 13.337680366947492 ], [ -85.347621183450372, 13.337683970176469 ], [ -85.347895701690931, 13.33796514086557 ], [ -85.350383455126732, 13.337981338138194 ] ] ] } },
{ "type": "Feature", "properties": { "fid": 575, "STRM_VAL": 1.0 }, "geometry": { "type": "MultiLineString", "coordinates": [ [ [ -85.329899902949364, 13.342037940449528 ], [ -85.329892224246038, 13.343155407891842 ], [ -85.330166725029954, 13.343436595992909 ], [ -85.330162885962068, 13.343995329741718 ], [ -85.330437387925144, 13.344276517680351 ], [ -85.330423951720533, 13.34623208583054 ], [ -85.330145607984932, 13.346509631293728 ], [ -85.330137927743309, 13.34762709848332 ], [ -85.330414353115572, 13.347628920031006 ], [ -85.330688858993923, 13.34791010813778 ], [ -85.33041051336653, 13.348187653666264 ], [ -85.330398993066567, 13.349863854417995 ], [ -85.330122565154099, 13.349862032554409 ], [ -85.329565867096406, 13.350417121218987 ], [ -85.329013010289586, 13.350413475224785 ], [ -85.329011088410454, 13.350692841783932 ], [ -85.328732737510677, 13.350970384808569 ], [ -85.328730815226137, 13.351249751315354 ], [ -85.328452463326997, 13.351527293907271 ], [ -85.328448617903163, 13.352086026809683 ], [ -85.327895757615039, 13.352082377930667 ], [ -85.327617403802194, 13.352359919362112 ], [ -85.327613556209073, 13.352918651988753 ], [ -85.327888063699305, 13.353199843342145 ], [ -85.327884216477798, 13.353758576009353 ], [ -85.327331352543069, 13.353754925450394 ], [ -85.326774638834848, 13.354310006010998 ], [ -85.326759237322022, 13.356544935054345 ], [ -85.326480876617495, 13.356822474386254 ], [ -85.326475099239573, 13.357660572533531 ], [ -85.326749609947541, 13.35794176549768 ], [ -85.327302483248502, 13.35794541844907 ], [ -85.327576995307382, 13.35822661066064 ], [ -85.327575070609925, 13.358505976842297 ], [ -85.328404382901184, 13.358511453341185 ], [ -85.328400535281148, 13.359070185922482 ], [ -85.328675049871521, 13.35935137721874 ], [ -85.328396687485409, 13.359628918478085 ], [ -85.328671202623525, 13.359910109840557 ], [ -85.328392839513953, 13.360187651007987 ], [ -85.328385143043889, 13.361305115990705 ], [ -85.328661583734942, 13.361306941282661 ], [ -85.328655811874739, 13.362145040070827 ], [ -85.328930329837235, 13.362426231469197 ], [ -85.328926482258751, 13.362984964028714 ], [ -85.328648115446214, 13.363262505031761 ], [ -85.328644266968411, 13.363821237473671 ] ] ] } },
{ "type": "Feature", "properties": { "fid": 576, "STRM_VAL": 1.0 }, "geometry": { "type": "MultiLineString", "coordinates": [ [ [ -85.328644266968411, 13.363821237473671 ], [ -85.329742349192912, 13.364946002487446 ], [ -85.329740425984227, 13.365225368831117 ], [ -85.330289471443777, 13.365787750029867 ], [ -85.331118809765641, 13.365793220563466 ], [ -85.332491439883981, 13.367199165617496 ], [ -85.332489519504207, 13.367478532304458 ], [ -85.332764047702014, 13.367759720660622 ], [ -85.333316945068162, 13.367763363106771 ], [ -85.333866004800427, 13.368325738082101 ], [ -85.333864085835557, 13.36860510494046 ], [ -85.334416985438835, 13.368608745209357 ], [ -85.334695353312867, 13.368331197914674 ], [ -85.335244417733506, 13.368893570398646 ], [ -85.335242500271335, 13.369172937441098 ], [ -85.335517033706097, 13.369454123371915 ], [ -85.335793484687855, 13.369455941964961 ], [ -85.33716616315948, 13.370861866864985 ], [ -85.337160416403265, 13.371699968664464 ], [ -85.337434954821376, 13.371981153054584 ], [ -85.337156585013915, 13.372258703165311 ], [ -85.337705663581488, 13.372821071847545 ], [ -85.337698002474028, 13.373938541035271 ], [ -85.33824708577211, 13.374500909062066 ], [ -85.337690340667478, 13.375056010120151 ], [ -85.337964883097712, 13.375337194379922 ], [ -85.337962967811364, 13.375616561667956 ], [ -85.338239426161707, 13.375618378409996 ], [ -85.338231765852441, 13.376735847655075 ], [ -85.338780856078429, 13.377298215289008 ], [ -85.338778941441106, 13.377577582649941 ], [ -85.339053487779523, 13.377858766155107 ], [ -85.339051573373141, 13.378138133542469 ] ] ] } },
{ "type": "Feature", "properties": { "fid": 580, "STRM_VAL": 1.0 }, "geometry": { "type": "MultiLineString", "coordinates": [ [ [ -85.372171898235081, 13.345386162004909 ], [ -85.372175641151685, 13.344827416453574 ], [ -85.371351974120827, 13.3439839706143 ], [ -85.370799120264991, 13.343980417465612 ], [ -85.370524566567738, 13.343699267866127 ], [ -85.370248140057711, 13.343697490577394 ], [ -85.368875382842475, 13.342291737809926 ], [ -85.368046108917923, 13.342286400198065 ], [ -85.368049860414956, 13.341727655662195 ], [ -85.367775312490238, 13.341446503694238 ], [ -85.368053611740478, 13.341168911100716 ], [ -85.368059238407227, 13.340330794210468 ], [ -85.367782816067688, 13.340329014674431 ], [ -85.367784691854851, 13.340049642403471 ], [ -85.368062989304008, 13.339772049584957 ], [ -85.368070490583108, 13.338654560257092 ], [ -85.367795945677315, 13.338373408643259 ], [ -85.36669026560638, 13.338366288569423 ] ] ] } },
{ "type": "Feature", "properties": { "fid": 602, "STRM_VAL": 1.0 }, "geometry": { "type": "MultiLineString", "coordinates": [ [ [ -85.311876472843821, 13.35002048753709 ], [ -85.311870648139276, 13.350858579826694 ], [ -85.311592279756752, 13.351136101661567 ], [ -85.311866764781129, 13.35141730798764 ], [ -85.312972473370252, 13.351424674129495 ], [ -85.313246960463928, 13.351705879182047 ], [ -85.313523388074444, 13.351707719702809 ], [ -85.314072364877575, 13.352270128601111 ], [ -85.314068486157694, 13.352828857336133 ], [ -85.314621344210721, 13.352832536587345 ], [ -85.314895834826075, 13.353113740238392 ], [ -85.315172264274153, 13.353115579150483 ], [ -85.315721248120909, 13.353677985245293 ], [ -85.3157193104675, 13.353957349822993 ], [ -85.315993803613139, 13.35423855256162 ], [ -85.315984116049364, 13.355635375520757 ], [ -85.316533106972898, 13.356197780647458 ], [ -85.316527295544446, 13.357035874546181 ], [ -85.317076290639832, 13.357598278960253 ], [ -85.317074353955562, 13.35787764364707 ], [ -85.317903659623468, 13.357883154276097 ], [ -85.317901723848252, 13.358162519075856 ], [ -85.318450724724556, 13.358724921140098 ] ] ] } },
{ "type": "Feature", "properties": { "fid": 603, "STRM_VAL": 1.0 }, "geometry": { "type": "MultiLineString", "coordinates": [ [ [ -85.318450724724556, 13.358724921140098 ], [ -85.318729095976764, 13.358447392023654 ], [ -85.319005532042354, 13.358449227472189 ], [ -85.319280033874676, 13.358730427604973 ], [ -85.319556470340984, 13.358732262490296 ], [ -85.319554536339851, 13.359011627509338 ], [ -85.320936720881946, 13.359020797612281 ], [ -85.321211225776111, 13.359301995979344 ], [ -85.321487663168014, 13.35930382883366 ], [ -85.321762169054267, 13.359585026710393 ], [ -85.322315044680693, 13.359588690990892 ] ] ] } },
{ "type": "Feature", "properties": { "fid": 604, "STRM_VAL": 1.0 }, "geometry": { "type": "MultiLineString", "coordinates": [ [ [ -85.322315044680693, 13.359588690990892 ], [ -85.322589551918227, 13.359869888115414 ], [ -85.323695305104366, 13.359877212010918 ], [ -85.324518834924731, 13.36072079887027 ], [ -85.324516906335504, 13.361000164558629 ], [ -85.325069785967344, 13.361003823205149 ], [ -85.325065929928201, 13.361562554721061 ], [ -85.325340442674076, 13.361843749459151 ], [ -85.325616883546829, 13.36184557814736 ], [ -85.32589139728492, 13.362126772394705 ], [ -85.326167838558163, 13.362128600519382 ], [ -85.326442353288442, 13.362409794275932 ], [ -85.326438499987987, 13.362968526123542 ], [ -85.326713015899145, 13.363249719717549 ], [ -85.327265901277727, 13.363253374172446 ], [ -85.327540418540366, 13.36353456701351 ], [ -85.328369747995183, 13.363540045647731 ], [ -85.328644266968411, 13.363821237473671 ] ] ] } },
{ "type": "Feature", "properties": { "fid": 605, "STRM_VAL": 1.0 }, "geometry": { "type": "MultiLineString", "coordinates": [ [ [ -85.337851091816276, 13.351589137751292 ], [ -85.338680384844636, 13.351594577837387 ], [ -85.339778470521878, 13.352719299307108 ], [ -85.340331335614323, 13.352722922427926 ], [ -85.340605859332257, 13.353004101698073 ], [ -85.341158725305604, 13.353007723089219 ], [ -85.341982302406564, 13.353851257950925 ], [ -85.342258736530297, 13.353853067407979 ], [ -85.342533263854477, 13.354134244974295 ], [ -85.34252945004296, 13.354692981776338 ], [ -85.342803978548105, 13.3549741591788 ], [ -85.342794444627899, 13.356371001235487 ], [ -85.343068975136632, 13.356652178572356 ], [ -85.34306706849614, 13.356931546997208 ] ] ] } },
{ "type": "Feature", "properties": { "fid": 606, "STRM_VAL": 1.0 }, "geometry": { "type": "MultiLineString", "coordinates": [ [ [ -85.34306706849614, 13.356931546997208 ], [ -85.343343506278188, 13.356933355679729 ], [ -85.343341599911909, 13.357212724137346 ], [ -85.343063255084559, 13.357490283827662 ], [ -85.343337787048767, 13.357771461033328 ], [ -85.343335880551891, 13.358050829471692 ], [ -85.343610413423207, 13.358332006480579 ], [ -85.344163292369231, 13.358335622729998 ], [ -85.344161386738648, 13.358614991273029 ] ] ] } },
{ "type": "Feature", "properties": { "fid": 613, "STRM_VAL": 1.0 }, "geometry": { "type": "MultiLineString", "coordinates": [ [ [ -85.35304917237859, 13.35252655157721 ], [ -85.352774633080202, 13.352245384174095 ], [ -85.351116031088523, 13.352234593030673 ] ] ] } },
{ "type": "Feature", "properties": { "fid": 617, "STRM_VAL": 1.0 }, "geometry": { "type": "MultiLineString", "coordinates": [ [ [ -85.323735812550964, 13.354010533163333 ], [ -85.324010316110588, 13.354291728314275 ], [ -85.324004531342695, 13.355129825565601 ], [ -85.323447807384753, 13.355684897481975 ], [ -85.323445878317202, 13.355964263127438 ], [ -85.323167515019321, 13.356241798458852 ], [ -85.323159796861475, 13.357359260792144 ], [ -85.322881431478251, 13.357636795552054 ], [ -85.322604995786008, 13.357634964443241 ], [ -85.32259920466619, 13.358473060868498 ], [ -85.322873711168057, 13.358754257598214 ], [ -85.322316975592159, 13.359309325587608 ], [ -85.322315044680693, 13.359588690990892 ] ] ] } },
{ "type": "Feature", "properties": { "fid": 622, "STRM_VAL": 1.0 }, "geometry": { "type": "MultiLineString", "coordinates": [ [ [ -85.341141549054242, 13.355522036962633 ], [ -85.341417984961396, 13.355523847559207 ], [ -85.341967041380485, 13.356086204429134 ], [ -85.341965133556158, 13.356365572710025 ], [ -85.34223966298903, 13.356646750833642 ], [ -85.342792537713223, 13.356650369627568 ], [ -85.34306706849614, 13.356931546997208 ] ] ] } },
{ "type": "Feature", "properties": { "fid": 623, "STRM_VAL": 1.0 }, "geometry": { "type": "MultiLineString", "coordinates": [ [ [ -85.372373445374734, 13.356562844602198 ], [ -85.372095130741016, 13.356840440160649 ], [ -85.37181868906309, 13.356838662869334 ], [ -85.371540373513625, 13.357116257702922 ], [ -85.371534751521679, 13.357954374943581 ], [ -85.371809320665449, 13.358235525129651 ], [ -85.371805573006867, 13.358794269988909 ], [ -85.371527254933298, 13.359071864508058 ], [ -85.371525380679216, 13.359351236883146 ], [ -85.37124706160678, 13.359628830972399 ], [ -85.370970616871389, 13.359627052391435 ], [ -85.370692296883007, 13.359904645755631 ], [ -85.370966866877879, 13.360185796955482 ], [ -85.371519757660224, 13.360189353969963 ], [ -85.371794329004231, 13.360470504412834 ], [ -85.371792454854045, 13.360749876794387 ], [ -85.372067027106226, 13.361031027038399 ], [ -85.372061405224187, 13.361869144240863 ], [ -85.371504761059811, 13.362424332586043 ], [ -85.370951865191415, 13.362420774955226 ], [ -85.370128150504854, 13.361577319892005 ], [ -85.369575256945836, 13.361573759476492 ], [ -85.369296933044296, 13.361851350825432 ], [ -85.369295055819094, 13.362130722828086 ], [ -85.368738405379261, 13.362685904280561 ], [ -85.36707971876281, 13.362675209441221 ], [ -85.366801390919335, 13.362952797548422 ], [ -85.36679951066138, 13.363232169178053 ], [ -85.366523062437395, 13.363230385270345 ], [ -85.365966403558048, 13.363785559558274 ], [ -85.365964522217496, 13.36406493105275 ], [ -85.36568619145919, 13.364342517573656 ], [ -85.365409742124669, 13.364340732304848 ], [ -85.365131410450175, 13.36461831810008 ], [ -85.364302061855781, 13.364612959462839 ], [ -85.363467060502387, 13.365445711472972 ], [ -85.363465176042297, 13.365725082580878 ], [ -85.363186840619647, 13.366002665768171 ], [ -85.362633938901709, 13.365999089034718 ], [ -85.362632053401612, 13.366278460013648 ], [ -85.361526249178553, 13.366271302771622 ], [ -85.361522475505168, 13.366830044400325 ], [ -85.361244136695134, 13.367107625024063 ], [ -85.361236587387197, 13.368225108023777 ], [ -85.360958246493993, 13.368502688081161 ], [ -85.360681793075912, 13.368500897102919 ], [ -85.36040345126635, 13.368778476434104 ], [ -85.359021183394773, 13.368769515314163 ] ] ] } },
{ "type": "Feature", "properties": { "fid": 624, "STRM_VAL": 1.0 }, "geometry": { "type": "MultiLineString", "coordinates": [ [ [ -85.359021183394773, 13.368769515314163 ], [ -85.35847205780307, 13.368207188068455 ], [ -85.357366247103073, 13.368200011637867 ], [ -85.356542567769154, 13.367356515886112 ], [ -85.356264223241169, 13.367634090290002 ], [ -85.355989664813791, 13.367352924283322 ], [ -85.355713213396939, 13.367351128029368 ], [ -85.355434868036539, 13.367628701411473 ], [ -85.353238426958256, 13.365379360602327 ], [ -85.352685529429166, 13.365375762303904 ], [ -85.352410977861581, 13.365094593141318 ], [ -85.352412874954283, 13.364815223574011 ], [ -85.351030635225868, 13.364806221430428 ], [ -85.350752288401722, 13.365083789430161 ], [ -85.35019939224054, 13.365080185779885 ], [ -85.349924844175348, 13.364799014285923 ], [ -85.349646496242173, 13.365076580922999 ], [ -85.349370048304067, 13.365074778042079 ], [ -85.349095501314906, 13.364793605760269 ], [ -85.348819053776197, 13.364791802315095 ], [ -85.347984004734101, 13.365624496979452 ], [ -85.347707556404487, 13.365622692210479 ] ] ] } },
{ "type": "Feature", "properties": { "fid": 625, "STRM_VAL": 1.0 }, "geometry": { "type": "MultiLineString", "coordinates": [ [ [ -85.347707556404487, 13.365622692210479 ], [ -85.347150853295645, 13.366177819374114 ], [ -85.346874404452379, 13.366176013621965 ], [ -85.346317698234543, 13.366731138558919 ], [ -85.346310080405644, 13.36784861317444 ], [ -85.345753368741171, 13.368403736201751 ], [ -85.345743841861832, 13.369800578871242 ], [ -85.345467389088085, 13.369798771102055 ], [ -85.345189030212708, 13.370076331467473 ], [ -85.345183311524309, 13.370914436738031 ], [ -85.344904950925283, 13.371191996580288 ], [ -85.344901137525625, 13.371750733304079 ], [ -85.343509321329961, 13.373138526261524 ], [ -85.343505504139515, 13.373697262503743 ], [ -85.343227138259977, 13.373974819844246 ], [ -85.343225229237717, 13.374254187910113 ], [ -85.343499778027279, 13.37453536681889 ], [ -85.343497869236117, 13.374814734911084 ], [ -85.343772418934108, 13.375095913622671 ], [ -85.34376860177052, 13.375654649853278 ], [ -85.343492142601391, 13.37565283914911 ], [ -85.34321377418955, 13.375930396170356 ] ] ] } },
{ "type": "Feature", "properties": { "fid": 626, "STRM_VAL": 1.0 }, "geometry": { "type": "MultiLineString", "coordinates": [ [ [ -85.34321377418955, 13.375930396170356 ], [ -85.342939224385731, 13.375649216835086 ], [ -85.342109847368945, 13.375643781099837 ] ] ] } },
{ "type": "Feature", "properties": { "fid": 632, "STRM_VAL": 1.0 }, "geometry": { "type": "MultiLineString", "coordinates": [ [ [ -85.314043270159161, 13.356460593487244 ], [ -85.314041330156854, 13.356739957761574 ], [ -85.314315823881117, 13.357021162403766 ], [ -85.314037450019342, 13.357298686290941 ], [ -85.31403162948078, 13.358136779036796 ], [ -85.314308064522635, 13.358138619570564 ], [ -85.314582559973474, 13.358419824118354 ], [ -85.314858995416245, 13.358421664089043 ], [ -85.315133491859243, 13.358702868147027 ], [ -85.315409927702916, 13.358704707554606 ], [ -85.315958923206111, 13.359267114462591 ], [ -85.317617543452357, 13.359278141436816 ], [ -85.318174288424146, 13.358723085048837 ], [ -85.318450724724556, 13.358724921140098 ] ] ] } },
{ "type": "Feature", "properties": { "fid": 638, "STRM_VAL": 1.0 }, "geometry": { "type": "MultiLineString", "coordinates": [ [ [ -85.309049967749132, 13.358941688409779 ], [ -85.309324457191266, 13.359222898027605 ], [ -85.310153764131314, 13.359228434579 ], [ -85.310432144393602, 13.358950915795567 ], [ -85.312628092030465, 13.36120057589182 ], [ -85.312626149685769, 13.361479939857414 ], [ -85.312900646262051, 13.361761146376418 ], [ -85.313177085268975, 13.361762988634702 ], [ -85.3134515828377, 13.36204419466385 ], [ -85.313439933028107, 13.363720378963352 ] ] ] } },
{ "type": "Feature", "properties": { "fid": 639, "STRM_VAL": 1.0 }, "geometry": { "type": "MultiLineString", "coordinates": [ [ [ -85.313439933028107, 13.363720378963352 ], [ -85.3137163743434, 13.363722220897714 ], [ -85.314265375381822, 13.364284632149296 ], [ -85.314818259575205, 13.36428831406627 ], [ -85.315092761763097, 13.364569518826093 ], [ -85.315369204281652, 13.364571359070393 ], [ -85.315643707462172, 13.364852563340079 ], [ -85.315920150381771, 13.364854403020971 ], [ -85.316743664800825, 13.365698013674189 ], [ -85.31702010884041, 13.365699852267989 ], [ -85.31729461527263, 13.36598105510032 ], [ -85.317847504195313, 13.365984730859271 ], [ -85.320043584201983, 13.368234341099901 ], [ -85.320041649335366, 13.368513705979842 ], [ -85.32031809705272, 13.368515541351149 ], [ -85.320867124654271, 13.369077941167532 ], [ -85.320859388209769, 13.370195401048198 ], [ -85.321133904056367, 13.370476600746409 ], [ -85.321128102081474, 13.371314695689216 ], [ -85.321404553145271, 13.371316530250688 ], [ -85.321679070806809, 13.371597729557852 ], [ -85.321955522271523, 13.371599563555455 ], [ -85.322230040926115, 13.37188076237168 ], [ -85.322782944698787, 13.371884428937289 ], [ -85.322781012439407, 13.372163794130623 ], [ -85.323055532720602, 13.37244499222696 ], [ -85.323053600691196, 13.372724357447089 ] ] ] } },
{ "type": "Feature", "properties": { "fid": 640, "STRM_VAL": 1.0 }, "geometry": { "type": "MultiLineString", "coordinates": [ [ [ -85.323053600691196, 13.372724357447089 ], [ -85.323606506620948, 13.37272802243986 ], [ -85.323604575183751, 13.373007387732866 ], [ -85.324433935343038, 13.373012883077317 ], [ -85.324708458603524, 13.373294079700274 ] ] ] } },
{ "type": "Feature", "properties": { "fid": 641, "STRM_VAL": 1.0 }, "geometry": { "type": "MultiLineString", "coordinates": [ [ [ -85.324708458603524, 13.373294079700274 ], [ -85.32470266771341, 13.374132175997035 ], [ -85.325251717780191, 13.374694568754988 ], [ -85.325243998170308, 13.375812030659429 ], [ -85.324965611105867, 13.376089565109526 ], [ -85.324955958791662, 13.377486392115109 ], [ -85.325505016158544, 13.378048785144832 ], [ -85.325499225887256, 13.37888688147005 ], [ -85.326048287435384, 13.379449273782095 ], [ -85.32632474847189, 13.3794511040595 ], [ -85.326873813275057, 13.380013494929843 ], [ -85.326869955705391, 13.380572226125564 ], [ -85.327144489606681, 13.380853421283103 ], [ -85.327130988648221, 13.382808980497387 ] ] ] } },
{ "type": "Feature", "properties": { "fid": 642, "STRM_VAL": 1.0 }, "geometry": { "type": "MultiLineString", "coordinates": [ [ [ -85.327130988648221, 13.382808980497387 ], [ -85.327123272847331, 13.383926442763981 ], [ -85.327397810401351, 13.384207638056617 ], [ -85.32738816603316, 13.385604465910703 ], [ -85.32766270559388, 13.385885661139547 ], [ -85.327939174201433, 13.385887490514756 ], [ -85.327937245788888, 13.386166856138932 ], [ -85.328486328081809, 13.386729245449278 ], [ -85.328482472223115, 13.387287976810754 ], [ -85.328204073626708, 13.38756551347365 ], [ -85.328202145268946, 13.387844879098756 ], [ -85.327925674390542, 13.387843049748858 ], [ -85.327647274514604, 13.388120585636361 ], [ -85.327641487134414, 13.388958682216456 ], [ -85.32736308553109, 13.389236217578247 ], [ -85.327361155953881, 13.389515583046075 ], [ -85.326247541691615, 13.390625720431343 ], [ -85.32597106791647, 13.390623888570335 ], [ -85.325692662473841, 13.390901421605237 ], [ -85.325690730721035, 13.391180786796948 ], [ -85.325412324275831, 13.391458319397923 ], [ -85.325410392116353, 13.391737684537146 ], [ -85.325133917190669, 13.39173585161099 ], [ -85.324855509465522, 13.392013383436126 ], [ -85.32484971067889, 13.392851478558143 ], [ -85.325124254139553, 13.393132677012442 ], [ -85.324845844600915, 13.393410208607289 ], [ -85.324840045153607, 13.394248303632699 ], [ -85.324561633886645, 13.39452583470136 ], [ -85.324555832954644, 13.395363929530605 ] ] ] } },
{ "type": "Feature", "properties": { "fid": 658, "STRM_VAL": 1.0 }, "geometry": { "type": "MultiLineString", "coordinates": [ [ [ -85.347442524881217, 13.363944673931474 ], [ -85.347440622195521, 13.364224042815588 ], [ -85.347989711404537, 13.364786390169698 ], [ -85.348266158821005, 13.364788194519807 ], [ -85.348264256958913, 13.365067563501885 ], [ -85.347707556404487, 13.365622692210479 ] ] ] } },
{ "type": "Feature", "properties": { "fid": 661, "STRM_VAL": 1.0 }, "geometry": { "type": "MultiLineString", "coordinates": [ [ [ -85.283304127642722, 13.364076519355736 ], [ -85.28302571346056, 13.364354003753057 ], [ -85.283023736566662, 13.364633363334068 ], [ -85.282188489099582, 13.365465814049289 ], [ -85.282178598507173, 13.366862611151868 ], [ -85.282453060956811, 13.367143847094805 ], [ -85.282451082975726, 13.367423206530173 ], [ -85.281615822962294, 13.368255653779856 ], [ -85.281613843846628, 13.368535013067568 ], [ -85.281335422201465, 13.368812494658254 ], [ -85.28133344267745, 13.369091853892437 ], [ -85.280780557199932, 13.36908809752488 ], [ -85.280776596744303, 13.369646815811297 ], [ -85.281051060120348, 13.369928053401436 ], [ -85.281327503834419, 13.36992993155631 ], [ -85.281601968204257, 13.370211168658511 ], [ -85.281878412321177, 13.370213046250573 ], [ -85.281876433207429, 13.37049240553381 ], [ -85.280762733726249, 13.371602329610758 ], [ -85.280756791755024, 13.372440406856713 ], [ -85.280478364197521, 13.372717886760851 ], [ -85.280752830214922, 13.372999124988452 ], [ -85.280735001047674, 13.375513356262219 ] ] ] } },
{ "type": "Feature", "properties": { "fid": 662, "STRM_VAL": 1.0 }, "geometry": { "type": "MultiLineString", "coordinates": [ [ [ -85.280735001047674, 13.375513356262219 ], [ -85.280733019803151, 13.375792715260406 ], [ -85.280454587885473, 13.376070194599219 ], [ -85.280452606232359, 13.376349553543845 ], [ -85.280174173312105, 13.37662703244589 ], [ -85.280172191250358, 13.37690639133695 ], [ -85.279893757327471, 13.377183869802192 ], [ -85.279891774857091, 13.37746322863968 ], [ -85.279334904366635, 13.378018184306763 ], [ -85.277952641574672, 13.378008774051935 ], [ -85.277117326907714, 13.378841199489756 ], [ -85.277115340983272, 13.379120557881407 ], [ -85.276558460614908, 13.379675506129541 ], [ -85.276282006486895, 13.379673621418709 ], [ -85.276278032411184, 13.38023233791232 ] ] ] } },
{ "type": "Feature", "properties": { "fid": 663, "STRM_VAL": 1.0 }, "geometry": { "type": "MultiLineString", "coordinates": [ [ [ -85.276278032411184, 13.38023233791232 ], [ -85.275442704054285, 13.381064756048509 ], [ -85.275438727615452, 13.381623472232949 ] ] ] } },
{ "type": "Feature", "properties": { "fid": 664, "STRM_VAL": 1.0 }, "geometry": { "type": "MultiLineString", "coordinates": [ [ [ -85.275438727615452, 13.381623472232949 ], [ -85.274603391321463, 13.382455886575588 ], [ -85.274599412519052, 13.383014602450729 ], [ -85.273764068286994, 13.383847012999043 ], [ -85.27376207772646, 13.384126370785122 ], [ -85.273483628006176, 13.38440384014033 ] ] ] } },
{ "type": "Feature", "properties": { "fid": 665, "STRM_VAL": 1.0 }, "geometry": { "type": "MultiLineString", "coordinates": [ [ [ -85.273483628006176, 13.38440384014033 ], [ -85.272926726646759, 13.384958777680191 ], [ -85.272924734949413, 13.38523813531795 ], [ -85.272646282946411, 13.385515603455259 ], [ -85.272369822728777, 13.385513713659181 ], [ -85.272091369810283, 13.385791181063297 ], [ -85.272087384187046, 13.386349896048488 ], [ -85.27236185275612, 13.386631143793018 ], [ -85.272359860149407, 13.386910501310345 ], [ -85.272081405411484, 13.387187968477868 ], [ -85.272075426227119, 13.38802604084915 ], [ -85.272349896434591, 13.388307288800137 ], [ -85.272345910630747, 13.388866003750866 ] ] ] } },
{ "type": "Feature", "properties": { "fid": 666, "STRM_VAL": 1.0 }, "geometry": { "type": "MultiLineString", "coordinates": [ [ [ -85.272345910630747, 13.388866003750866 ], [ -85.272067453345315, 13.389143470587157 ], [ -85.272341924645218, 13.389424718675778 ], [ -85.271506548685451, 13.390257117729575 ], [ -85.27067715242859, 13.390251441724683 ], [ -85.270675157319999, 13.390530798912794 ], [ -85.271224099673177, 13.391093297820474 ], [ -85.271212131344669, 13.392769441226811 ], [ -85.271486605111818, 13.393050690546891 ], [ -85.272316011310707, 13.393056365058209 ], [ -85.272310030220297, 13.393894437145338 ], [ -85.272858983465269, 13.394456933742621 ], [ -85.272847023337263, 13.396133078155305 ], [ -85.272568557138584, 13.396410544447576 ], [ -85.272564569337661, 13.396969259105507 ], [ -85.272839049010372, 13.39725050763459 ], [ -85.272560581355066, 13.397527973737606 ], [ -85.271731159730777, 13.397522298171449 ], [ -85.271452690606864, 13.397799762854218 ], [ -85.270899742518452, 13.397795976945126 ], [ -85.27034280124532, 13.398350903765749 ], [ -85.270334813988725, 13.399468331566611 ], [ -85.270609293229896, 13.399749582497494 ], [ -85.270885769441591, 13.3997514761919 ], [ -85.270607296575378, 13.400028939466004 ], [ -85.270881776724735, 13.400310190204261 ], [ -85.270871794136937, 13.401706975122091 ], [ -85.271695242495269, 13.402550726490627 ], [ -85.27169324666157, 13.402830083558094 ], [ -85.271967730991079, 13.403111333594341 ], [ -85.272244211242409, 13.403113226267095 ], [ -85.272518696568497, 13.403394475814503 ], [ -85.273348138662939, 13.403400151232864 ], [ -85.2733441505044, 13.403958865812873 ], [ -85.273618638097176, 13.404240114416815 ], [ -85.273895119879967, 13.40424200543792 ], [ -85.274169608469364, 13.404523253552847 ], [ -85.27499905515792, 13.404528924015905 ], [ -85.275273545467016, 13.404810171118312 ], [ -85.276102993623326, 13.404815838073372 ], [ -85.276377485652091, 13.405097084163096 ], [ -85.27665396881747, 13.405098972281271 ], [ -85.276928461842871, 13.405380217881744 ], [ -85.277204945412294, 13.405382105435583 ], [ -85.277479439434316, 13.40566335054675 ], [ -85.277475460118566, 13.406222066247119 ], [ -85.277749955323159, 13.406503311199309 ], [ -85.277747965871015, 13.406782669074081 ], [ -85.27802246198452, 13.407063913832976 ], [ -85.278020472760829, 13.407343271735561 ], [ -85.278294969783289, 13.407624516301128 ], [ -85.278292980788066, 13.407903874231513 ], [ -85.278567478719552, 13.408185118603726 ] ] ] } },
{ "type": "Feature", "properties": { "fid": 667, "STRM_VAL": 1.0 }, "geometry": { "type": "MultiLineString", "coordinates": [ [ [ -85.278567478719552, 13.408185118603726 ], [ -85.278563501140795, 13.40874383451362 ], [ -85.279112500004857, 13.409306322712091 ], [ -85.279665476798698, 13.409310093815936 ], [ -85.279939977906835, 13.409591337049733 ], [ -85.279937990509126, 13.409870695179109 ], [ -85.280212492526502, 13.410151938219382 ], [ -85.280765471574497, 13.410155707146108 ], [ -85.28132242244213, 13.409600758203203 ], [ -85.281875400553318, 13.409604524546028 ], [ -85.282149904827449, 13.409885765718116 ], [ -85.282702883831263, 13.409889530326282 ], [ -85.282977389463753, 13.410170770746435 ], [ -85.282975405485601, 13.410450129310032 ], [ -85.283251895731681, 13.410452010938689 ], [ -85.283249912027458, 13.410731369536437 ], [ -85.282971437393826, 13.411008846417847 ], [ -85.282965484917483, 13.411846922031094 ] ] ] } },
{ "type": "Feature", "properties": { "fid": 668, "STRM_VAL": 1.0 }, "geometry": { "type": "MultiLineString", "coordinates": [ [ [ -85.282965484917483, 13.411846922031094 ], [ -85.282963500668387, 13.412126280555917 ], [ -85.282685023936594, 13.412403756858629 ], [ -85.282677085031366, 13.41352119070498 ], [ -85.28350061452069, 13.414364912613516 ], [ -85.283777109319615, 13.414366794205204 ], [ -85.283775125621716, 13.414646152793676 ], [ -85.284051620782222, 13.414648034123186 ], [ -85.28432613288048, 13.414929273813117 ], [ -85.28432018329589, 13.415767349763904 ], [ -85.284594696852125, 13.416048589328101 ] ] ] } },
{ "type": "Feature", "properties": { "fid": 669, "STRM_VAL": 1.0 }, "geometry": { "type": "MultiLineString", "coordinates": [ [ [ -85.284594696852125, 13.416048589328101 ], [ -85.284592713841135, 13.416327947999555 ], [ -85.284314233305167, 13.416605425656517 ], [ -85.284588747683813, 13.416886665323066 ], [ -85.284584781346013, 13.417445382620723 ], [ -85.282356907439308, 13.4196651914366 ], [ -85.281250905081578, 13.419657654109209 ], [ -85.280972416849252, 13.419935127079494 ] ] ] } },
{ "type": "Feature", "properties": { "fid": 670, "STRM_VAL": 1.0 }, "geometry": { "type": "MultiLineString", "coordinates": [ [ [ -85.280972416849252, 13.419935127079494 ], [ -85.280415438460196, 13.420490071847993 ], [ -85.280413449936873, 13.420769429806606 ], [ -85.28013495941552, 13.421046901557629 ], [ -85.280128992480272, 13.421884975253221 ], [ -85.279850500223517, 13.422162446472036 ], [ -85.279844531787191, 13.423000519967953 ], [ -85.280119046683424, 13.423281764616515 ], [ -85.280117057388324, 13.423561122469771 ], [ -85.279838562943624, 13.423838593405657 ], [ -85.279834583488338, 13.424397308998447 ], [ -85.280109099755578, 13.424678553818103 ], [ -85.279830603852062, 13.424956024565365 ], [ -85.279828613966046, 13.425235382339118 ], [ -85.279271619504357, 13.42579032256671 ], [ -85.279257683928549, 13.427745826141498 ], [ -85.278422179761833, 13.428578232560167 ], [ -85.278420187689704, 13.428857590046267 ], [ -85.278694706534978, 13.429138836725404 ], [ -85.278690722803475, 13.429697551746694 ], [ -85.278412218948347, 13.429975019925966 ], [ -85.278408234305942, 13.430533734826982 ] ] ] } },
{ "type": "Feature", "properties": { "fid": 671, "STRM_VAL": 1.0 }, "geometry": { "type": "MultiLineString", "coordinates": [ [ [ -85.278408234305942, 13.430533734826982 ], [ -85.278402257002654, 13.431371807129969 ], [ -85.278125743525607, 13.431369917301536 ], [ -85.277847236926789, 13.43164738450986 ], [ -85.277845243717181, 13.431926741843311 ], [ -85.278121757790998, 13.431928632056371 ], [ -85.278111792661761, 13.433325418830183 ], [ -85.278388308376449, 13.433327308943717 ], [ -85.278386315534405, 13.43360666631979 ], [ -85.276158223620939, 13.43582639276315 ], [ -85.276152236061606, 13.436664463719072 ] ] ] } },
{ "type": "Feature", "properties": { "fid": 672, "STRM_VAL": 1.0 }, "geometry": { "type": "MultiLineString", "coordinates": [ [ [ -85.276152236061606, 13.436664463719072 ], [ -85.279172031013388, 13.439758198286164 ], [ -85.27916605210477, 13.440596270314639 ], [ -85.279440583563726, 13.440877517644234 ], [ -85.279430619183628, 13.442274304399973 ], [ -85.278316537526493, 13.44338417040303 ], [ -85.278312548535709, 13.443942884682441 ], [ -85.278587082203018, 13.444224133211 ], [ -85.278579104776568, 13.445341561829069 ], [ -85.278853640179861, 13.445622810266102 ], [ -85.279959760097512, 13.445630372426022 ], [ -85.280783374481089, 13.446474113212098 ] ] ] } },
{ "type": "Feature", "properties": { "fid": 673, "STRM_VAL": 1.0 }, "geometry": { "type": "MultiLineString", "coordinates": [ [ [ -85.280783374481089, 13.446474113212098 ], [ -85.281332453923255, 13.447036605926268 ], [ -85.281326479164235, 13.447874678425896 ], [ -85.281047954351507, 13.448152146979586 ], [ -85.281041978089505, 13.44899021927948 ], [ -85.281316520327991, 13.449271465795695 ], [ -85.282146123831609, 13.44927713126183 ], [ -85.282969757634831, 13.450120867071384 ], [ -85.282947863853778, 13.453193801183106 ] ] ] } },
{ "type": "Feature", "properties": { "fid": 674, "STRM_VAL": 1.0 }, "geometry": { "type": "MultiLineString", "coordinates": [ [ [ -85.306797556012782, 13.364793534293959 ], [ -85.307354337017898, 13.364238506393534 ], [ -85.308460101405046, 13.364245899182034 ], [ -85.30845815380377, 13.364525262477557 ], [ -85.309007142819382, 13.36508768387389 ], [ -85.309283585057742, 13.365089530833744 ], [ -85.30956197375626, 13.364812014049349 ], [ -85.309838415760098, 13.364813860365972 ], [ -85.310395190688936, 13.364258824949998 ], [ -85.310671632181993, 13.364260670281842 ], [ -85.310950018412328, 13.36398315165035 ], [ -85.311226459670834, 13.363984996339033 ], [ -85.311504844986402, 13.363707476978073 ], [ -85.313439933028107, 13.363720378963352 ] ] ] } },
{ "type": "Feature", "properties": { "fid": 675, "STRM_VAL": 1.0 }, "geometry": { "type": "MultiLineString", "coordinates": [ [ [ -85.290760079570489, 13.365244478337033 ], [ -85.290481671379183, 13.365521971783824 ], [ -85.290475765774076, 13.366360053712185 ], [ -85.290197355855511, 13.366637546629429 ], [ -85.290193417834999, 13.367196267789062 ], [ -85.28963659463011, 13.367751252269107 ], [ -85.289624775134698, 13.369427415030826 ], [ -85.289346360396323, 13.369704906405966 ], [ -85.289342419478885, 13.370263627181219 ], [ -85.289616894572035, 13.370544856743152 ], [ -85.28878164408404, 13.371377329138486 ], [ -85.288779672741867, 13.371656689409754 ], [ -85.288226779254103, 13.371652948605803 ], [ -85.287948360232107, 13.371930437894562 ], [ -85.287942442937776, 13.37276851828606 ], [ -85.287664022187485, 13.373046007044806 ], [ -85.287648237850703, 13.375280887429787 ], [ -85.287922715698386, 13.375562119172226 ], [ -85.288199166832939, 13.375563990593681 ], [ -85.288195221481459, 13.376122710774561 ], [ -85.287359945066669, 13.376955175220179 ], [ -85.286254134924832, 13.376947683290531 ], [ -85.285705181457075, 13.376385216101411 ], [ -85.285152278081938, 13.376381467279876 ] ] ] } },
{ "type": "Feature", "properties": { "fid": 676, "STRM_VAL": 1.0 }, "geometry": { "type": "MultiLineString", "coordinates": [ [ [ -85.285152278081938, 13.376381467279876 ], [ -85.284328854795902, 13.375537763224145 ], [ -85.282946602506811, 13.375528381968211 ], [ -85.282397660422987, 13.374965908849431 ], [ -85.28184476124612, 13.374962153189157 ], [ -85.28156633152166, 13.375239634039291 ], [ -85.281013431962819, 13.375235876486668 ], [ -85.280735001047674, 13.375513356262219 ] ] ] } },
{ "type": "Feature", "properties": { "fid": 689, "STRM_VAL": 1.0 }, "geometry": { "type": "MultiLineString", "coordinates": [ [ [ -85.313663939039515, 13.371265048457019 ], [ -85.314216838967042, 13.371268733574201 ], [ -85.314491347278747, 13.371549939693365 ], [ -85.315044248092036, 13.371553623079604 ], [ -85.315593268054727, 13.372116033584684 ], [ -85.315869719243096, 13.372117874301233 ], [ -85.316144230534391, 13.37239907894898 ], [ -85.316697133755127, 13.372402758952733 ], [ -85.317246159677126, 13.372965166514449 ], [ -85.317522612069126, 13.372967005539602 ], [ -85.318071641244771, 13.373529411662632 ], [ -85.319177454104988, 13.373536762648655 ], [ -85.319451971081847, 13.373817964318839 ], [ -85.320834239888299, 13.373827144949649 ], [ -85.321112628206834, 13.373549615253678 ], [ -85.321114562595611, 13.373270250330638 ], [ -85.321667469218454, 13.373273919707607 ], [ -85.321945855982179, 13.372996388894782 ], [ -85.321947789328249, 13.37271702383978 ], [ -85.322226175090734, 13.372439492593211 ], [ -85.322502627592641, 13.372441326106268 ], [ -85.322777147788372, 13.372722524497986 ], [ -85.323053600691196, 13.372724357447089 ] ] ] } },
{ "type": "Feature", "properties": { "fid": 690, "STRM_VAL": 1.0 }, "geometry": { "type": "MultiLineString", "coordinates": [ [ [ -85.32499649111459, 13.371619717611027 ], [ -85.324718109206344, 13.371897252410372 ], [ -85.324716179173848, 13.37217661788122 ], [ -85.324439726659165, 13.372174786822255 ], [ -85.324435865825777, 13.372733517665393 ], [ -85.324710388812164, 13.373014714255158 ], [ -85.324708458603524, 13.373294079700274 ] ] ] } },
{ "type": "Feature", "properties": { "fid": 697, "STRM_VAL": 1.0 }, "geometry": { "type": "MultiLineString", "coordinates": [ [ [ -85.366729910941189, 13.37356891496448 ], [ -85.366453450948967, 13.373567129627421 ], [ -85.366175108471523, 13.373844715297043 ], [ -85.365345727903119, 13.373839356453159 ], [ -85.364789039363842, 13.374394524592489 ], [ -85.364236118075141, 13.374390949158377 ] ] ] } },
{ "type": "Feature", "properties": { "fid": 698, "STRM_VAL": 1.0 }, "geometry": { "type": "MultiLineString", "coordinates": [ [ [ -85.364236118075141, 13.374390949158377 ], [ -85.363686967855557, 13.373828630615009 ], [ -85.363410507988903, 13.37382684191879 ], [ -85.363135934188335, 13.373545682037625 ], [ -85.363139706110672, 13.372986940252197 ], [ -85.36286324727935, 13.372985151068402 ], [ -85.362588675021414, 13.372703990757859 ], [ -85.362035758197123, 13.372700410958515 ], [ -85.361761187290043, 13.372419249890976 ] ] ] } },
{ "type": "Feature", "properties": { "fid": 699, "STRM_VAL": 1.0 }, "geometry": { "type": "MultiLineString", "coordinates": [ [ [ -85.361761187290043, 13.372419249890976 ], [ -85.361484729297104, 13.372417459275461 ], [ -85.361206383263848, 13.372695038995719 ], [ -85.361204495140001, 13.372974409626902 ], [ -85.360375119616123, 13.372969034831266 ], [ -85.36009677174944, 13.373246613098706 ], [ -85.359543854380377, 13.373243027711132 ] ] ] } },
{ "type": "Feature", "properties": { "fid": 700, "STRM_VAL": 1.0 }, "geometry": { "type": "MultiLineString", "coordinates": [ [ [ -85.359543854380377, 13.373243027711132 ], [ -85.35926928615072, 13.372961864211288 ], [ -85.359280627610048, 13.371285641956755 ], [ -85.360115664206049, 13.370452908113094 ], [ -85.360121331102533, 13.369614796492233 ], [ -85.359572200992758, 13.369052471155747 ], [ -85.359295747140834, 13.369050678591215 ], [ -85.359021183394773, 13.368769515314163 ] ] ] } },
{ "type": "Feature", "properties": { "fid": 716, "STRM_VAL": 1.0 }, "geometry": { "type": "MultiLineString", "coordinates": [ [ [ -85.308635224929176, 13.378774631539681 ], [ -85.309464598407089, 13.378780178297889 ] ] ] } },
{ "type": "Feature", "properties": { "fid": 717, "STRM_VAL": 1.0 }, "geometry": { "type": "MultiLineString", "coordinates": [ [ [ -85.309464598407089, 13.378780178297889 ], [ -85.310017514267628, 13.378783874626956 ], [ -85.31029202457529, 13.379065085579319 ], [ -85.31112139975879, 13.379070627022312 ], [ -85.31111945298413, 13.379349990376486 ], [ -85.313331124519777, 13.379364754591073 ], [ -85.313327235930359, 13.379923481918796 ], [ -85.313601751653408, 13.380204689860651 ], [ -85.313878211779311, 13.380206533846323 ], [ -85.314156615353056, 13.379929013756156 ], [ -85.316644755866875, 13.379945592961404 ], [ -85.316919275908816, 13.380226797757675 ], [ -85.316917335641648, 13.380506161923485 ], [ -85.317746718595458, 13.380511682222449 ], [ -85.318021240625072, 13.380792886036673 ], [ -85.318574163521546, 13.380796564201574 ], [ -85.318848686904843, 13.381077767262456 ], [ -85.319401610686981, 13.381081443694866 ], [ -85.319676135423975, 13.381362646002305 ], [ -85.319952597737071, 13.381364483503228 ], [ -85.32022712346793, 13.38164568531942 ], [ -85.320503586182312, 13.381647522256038 ], [ -85.320781984925105, 13.381369994193905 ], [ -85.321334909924346, 13.381373666477613 ], [ -85.321613307473825, 13.38109613734416 ], [ -85.322995619311911, 13.38110531105966 ], [ -85.323270148726152, 13.381386509957075 ], [ -85.323546611577683, 13.381388343531786 ], [ -85.323821141985718, 13.381669541937692 ], [ -85.32437406853235, 13.381673207656306 ], [ -85.324648600293912, 13.381954405308255 ], [ -85.324925063988985, 13.381956237452117 ], [ -85.325474130133784, 13.382518631543501 ], [ -85.326856452826135, 13.382527785107909 ], [ -85.327130988648221, 13.382808980497387 ] ] ] } },
{ "type": "Feature", "properties": { "fid": 718, "STRM_VAL": 1.0 }, "geometry": { "type": "MultiLineString", "coordinates": [ [ [ -85.367243315725943, 13.379439284109417 ], [ -85.36696684896944, 13.379437498565045 ], [ -85.366692265001049, 13.379156341461247 ], [ -85.366415798643487, 13.37915455535151 ], [ -85.366432744306508, 13.376640214093445 ], [ -85.365326890738515, 13.376633068026013 ], [ -85.364503155450947, 13.375789592248767 ], [ -85.3645050401866, 13.375510221217127 ], [ -85.364228578289499, 13.375508433194389 ], [ -85.364236118075141, 13.374390949158377 ] ] ] } },
{ "type": "Feature", "properties": { "fid": 719, "STRM_VAL": 1.0 }, "geometry": { "type": "MultiLineString", "coordinates": [ [ [ -85.308078408978389, 13.37932965802637 ], [ -85.308354867315757, 13.379331507931639 ], [ -85.308629376010998, 13.379612720522921 ], [ -85.308905834750149, 13.379614569864273 ], [ -85.309184242578269, 13.379337055835688 ], [ -85.309186191581048, 13.379057692761283 ], [ -85.309464598407089, 13.378780178297889 ] ] ] } },
{ "type": "Feature", "properties": { "fid": 720, "STRM_VAL": 1.0 }, "geometry": { "type": "MultiLineString", "coordinates": [ [ [ -85.292034052707919, 13.380618649689369 ], [ -85.291210590087474, 13.379774963709295 ], [ -85.291212559869336, 13.379495603260912 ], [ -85.289553824176437, 13.379484386730685 ], [ -85.288730374569539, 13.378640694097369 ], [ -85.288453919849928, 13.3786388228344 ], [ -85.287630477028699, 13.377795127369886 ], [ -85.287077569879258, 13.377791382369599 ], [ -85.286803090927393, 13.377510149570552 ], [ -85.286526637776603, 13.377508276356155 ], [ -85.286252159818972, 13.377227043068411 ], [ -85.285975707070989, 13.377225169290735 ], [ -85.285152278081938, 13.376381467279876 ] ] ] } },
{ "type": "Feature", "properties": { "fid": 725, "STRM_VAL": 1.0 }, "geometry": { "type": "MultiLineString", "coordinates": [ [ [ -85.280691403228758, 13.381659252732879 ], [ -85.280414946235297, 13.381657372266641 ], [ -85.28014047211451, 13.381376132716968 ], [ -85.27986401552424, 13.381374251687413 ], [ -85.279585575509486, 13.381651729055941 ], [ -85.279311102471084, 13.381370488722336 ], [ -85.279034646008185, 13.381368606786811 ], [ -85.279036630066585, 13.381089248161683 ], [ -85.278762158295976, 13.380808007374002 ], [ -85.277932791199561, 13.380802359093829 ], [ -85.277658321145253, 13.380521117295384 ], [ -85.277381865892252, 13.380519233670134 ], [ -85.277107396832633, 13.380237991383515 ], [ -85.276278032411184, 13.38023233791232 ] ] ] } },
{ "type": "Feature", "properties": { "fid": 733, "STRM_VAL": 1.0 }, "geometry": { "type": "MultiLineString", "coordinates": [ [ [ -85.272115279734194, 13.382438890610027 ], [ -85.273487609809422, 13.383845124656281 ], [ -85.273483628006176, 13.38440384014033 ] ] ] } },
{ "type": "Feature", "properties": { "fid": 740, "STRM_VAL": 1.0 }, "geometry": { "type": "MultiLineString", "coordinates": [ [ [ -85.365005193079583, 13.383336184981495 ], [ -85.364730607766163, 13.383055025582765 ], [ -85.364177666741185, 13.38305144775029 ], [ -85.364183325127968, 13.382213335253056 ], [ -85.363634159491497, 13.381651014902292 ], [ -85.363357690712419, 13.381649225122308 ], [ -85.36280852833022, 13.381086903320639 ], [ -85.361979124388171, 13.381081530588521 ], [ -85.361704545224669, 13.380800368551281 ], [ -85.36087514272289, 13.380794992311042 ], [ -85.360325988451137, 13.380232665964199 ], [ -85.360333548988351, 13.379115184534013 ], [ -85.35978439945481, 13.378552857522596 ], [ -85.359231470073198, 13.378549270056928 ], [ -85.359233361286798, 13.37826989982565 ], [ -85.35868043270375, 13.378266311229714 ], [ -85.358405860598381, 13.377985146357558 ], [ -85.358415320578075, 13.376588295654994 ], [ -85.358693674447352, 13.37631071997437 ], [ -85.358697457414365, 13.375751979557899 ], [ -85.359250380268378, 13.37575556745519 ], [ -85.359528732220198, 13.375477990616677 ], [ -85.359530622641145, 13.375198620275956 ], [ -85.359808973592479, 13.374921043006307 ], [ -85.359534403353663, 13.374639879575255 ], [ -85.359257943138843, 13.374638086234683 ], [ -85.359261724315317, 13.374079345585901 ], [ -85.359540074099058, 13.373801768476042 ], [ -85.359543854380377, 13.373243027711132 ] ] ] } },
{ "type": "Feature", "properties": { "fid": 741, "STRM_VAL": 1.0 }, "geometry": { "type": "MultiLineString", "coordinates": [ [ [ -85.35643271906595, 13.383559970683356 ], [ -85.356158144603157, 13.38327880308972 ], [ -85.355881675006472, 13.383277004921226 ], [ -85.355603309320571, 13.383554576061224 ], [ -85.355328735934819, 13.383273407677992 ], [ -85.355052266459879, 13.383271608603257 ], [ -85.354773899940412, 13.383549178720303 ], [ -85.354497430228236, 13.383547379002488 ], [ -85.353662325999025, 13.384380086012435 ], [ -85.352279973880044, 13.384371077776445 ], [ -85.352005403977699, 13.384089906137808 ], [ -85.350070115233265, 13.384077280077321 ], [ -85.349520982359479, 13.383514932425223 ], [ -85.349526691635745, 13.382676826145955 ], [ -85.349250223651566, 13.382675020805651 ], [ -85.348701095683154, 13.382112671901485 ], [ -85.348424628458034, 13.382110865733114 ], [ -85.346777261926846, 13.380423811914806 ], [ -85.346500796897459, 13.380422003866727 ], [ -85.346226238387374, 13.380140827161513 ], [ -85.346228144822405, 13.379861458799967 ], [ -85.345951680511348, 13.379859650226104 ], [ -85.345677123269326, 13.379578473060516 ], [ -85.345680937195326, 13.37901973646176 ], [ -85.344308163243142, 13.377613847508947 ], [ -85.344310071514883, 13.377334479363508 ], [ -85.343760966920939, 13.376772122237378 ], [ -85.343762875698644, 13.376492754150995 ], [ -85.343209955491773, 13.376489132205686 ], [ -85.34321377418955, 13.375930396170356 ] ] ] } },
{ "type": "Feature", "properties": { "fid": 742, "STRM_VAL": 1.0 }, "geometry": { "type": "MultiLineString", "coordinates": [ [ [ -85.279293246775069, 13.383884716424513 ], [ -85.277910950558578, 13.383875301894921 ], [ -85.277636477500309, 13.38359405971938 ], [ -85.277638463512588, 13.383314701349454 ], [ -85.277362005076043, 13.383312817316821 ], [ -85.277087533285794, 13.383031574687259 ], [ -85.276811075252667, 13.383029690091309 ], [ -85.276817035747371, 13.382191615290175 ], [ -85.276268096428979, 13.38162912903346 ], [ -85.275438727615452, 13.381623472232949 ] ] ] } },
{ "type": "Feature", "properties": { "fid": 753, "STRM_VAL": 1.0 }, "geometry": { "type": "MultiLineString", "coordinates": [ [ [ -85.376304954320503, 13.388717330032554 ], [ -85.376861656336615, 13.388162137870104 ], [ -85.378244047113128, 13.388171014159699 ], [ -85.378522395768826, 13.387893415797453 ], [ -85.378526136401518, 13.387334670351121 ], [ -85.37797692353854, 13.386772376257897 ], [ -85.377978794342752, 13.386493003588972 ], [ -85.378257141109827, 13.386215405298598 ], [ -85.378259011510238, 13.385936032578474 ], [ -85.378811963004239, 13.385939580365207 ], [ -85.379090308213463, 13.385661980963745 ], [ -85.379366783741958, 13.385663754063387 ], [ -85.380201814696306, 13.384830952526189 ], [ -85.381307713867798, 13.384838037817824 ], [ -85.381586055125894, 13.384560435173347 ], [ -85.381862529740104, 13.384562205400517 ], [ -85.38214087008005, 13.384284602030529 ], [ -85.382693818871147, 13.384288140897716 ], [ -85.38408550819203, 13.382900114868642 ], [ -85.384087371393548, 13.382620741267406 ], [ -85.384644041923494, 13.382065528071744 ], [ -85.384647766755464, 13.381506780671495 ], [ -85.385204433284116, 13.380951565757762 ], [ -85.385210018048468, 13.380113444341569 ], [ -85.383836983507521, 13.378707743168908 ], [ -85.383284047133614, 13.378704208248028 ], [ -85.383285910652944, 13.378424834665232 ], [ -85.383011306639318, 13.378143693239087 ], [ -85.382734839188771, 13.378141925100167 ], [ -85.383013170391962, 13.377864319681708 ], [ -85.382189362982658, 13.377020894107453 ], [ -85.382200549569745, 13.375344653201585 ], [ -85.381925950022392, 13.375063511070918 ], [ -85.381931543568953, 13.374225390626949 ], [ -85.381656945482561, 13.373944248360083 ], [ -85.381658810188696, 13.373664874897791 ], [ -85.381105885911211, 13.373661336523302 ], [ -85.38055669362376, 13.373099050303825 ], [ -85.380280232261256, 13.373097280136644 ], [ -85.380283964557606, 13.372538533550093 ], [ -85.379734776623934, 13.371976246004483 ], [ -85.378905396834242, 13.371970932340639 ], [ -85.378630804892424, 13.371689787429949 ], [ -85.378632672757917, 13.371410414337783 ], [ -85.378358081725324, 13.371129269227483 ], [ -85.378081622909875, 13.37112749691396 ], [ -85.377807032869129, 13.370846351308701 ], [ -85.377808901561139, 13.370566978312365 ], [ -85.377534312429503, 13.370285832507589 ], [ -85.377538050236566, 13.369727086559587 ], [ -85.376988874975936, 13.36916479438354 ], [ -85.376990744366381, 13.368885421463858 ], [ -85.376714288295972, 13.368883647948403 ], [ -85.375890532057269, 13.36804020725476 ], [ -85.375892402549312, 13.367760834463018 ], [ -85.375617818678791, 13.367479687134464 ], [ -85.375621560085477, 13.366920941595753 ], [ -85.37534697739909, 13.366639794099916 ], [ -85.373964711372011, 13.366630915990065 ], [ -85.37369013110964, 13.366349766946685 ], [ -85.373137225695885, 13.366346213064363 ], [ -85.372580572210339, 13.366901402693625 ], [ -85.372578698030011, 13.367180775043188 ], [ -85.372300369968428, 13.367458369235271 ], [ -85.372023916170122, 13.367456590782483 ], [ -85.372025791029273, 13.367177218516325 ], [ -85.371472884189217, 13.367173660782605 ], [ -85.371194555016174, 13.36745125361379 ], [ -85.369259380397182, 13.367438789659989 ], [ -85.368981048640649, 13.367716379724092 ], [ -85.368704595006747, 13.367714597612089 ], [ -85.368426262333699, 13.367992186950595 ], [ -85.368149808462249, 13.367990404196549 ], [ -85.367871474872672, 13.3682679928094 ], [ -85.367595020763702, 13.368266209413289 ], [ -85.367596900840127, 13.36798683778327 ], [ -85.36732232744103, 13.367705682526211 ], [ -85.367043993379099, 13.367983270163069 ], [ -85.366767539709031, 13.367981485900374 ], [ -85.366210869113459, 13.368536659337167 ], [ -85.366197695943725, 13.370492259170863 ], [ -85.36591935716055, 13.370769844995682 ], [ -85.365642900470846, 13.370768059139554 ], [ -85.365364560770999, 13.371045644238412 ], [ -85.364811646957008, 13.371042070939858 ], [ -85.364254964529479, 13.371597238619 ], [ -85.364253080077518, 13.371876609701825 ], [ -85.363976622357342, 13.371874821880175 ], [ -85.363702049765791, 13.371593662751271 ], [ -85.363703934811014, 13.37131429173942 ], [ -85.363427477807861, 13.371312503391538 ], [ -85.363149135163582, 13.37159008567629 ], [ -85.362874563922702, 13.371308925790361 ], [ -85.362598107040711, 13.371307136537062 ], [ -85.362319763563193, 13.37158471780023 ], [ -85.362315990162216, 13.372143459417503 ], [ -85.362037645323397, 13.37242104020466 ], [ -85.361761187290043, 13.372419249890976 ] ] ] } },
{ "type": "Feature", "properties": { "fid": 757, "STRM_VAL": 1.0 }, "geometry": { "type": "MultiLineString", "coordinates": [ [ [ -85.273453758694941, 13.38859420544785 ], [ -85.273177294846121, 13.388592316108802 ], [ -85.273179286769775, 13.388312958507655 ], [ -85.272902823282095, 13.388311068907297 ], [ -85.272345910630747, 13.388866003750866 ] ] ] } },
{ "type": "Feature", "properties": { "fid": 763, "STRM_VAL": 1.0 }, "geometry": { "type": "MultiLineString", "coordinates": [ [ [ -85.352514638488117, 13.390518999988849 ], [ -85.35223816113762, 13.390517196880097 ], [ -85.351959782431749, 13.390794762406346 ], [ -85.351955979509711, 13.391353500261548 ], [ -85.351677599439981, 13.391631065310321 ], [ -85.351401120936941, 13.39162926113886 ], [ -85.350844358321652, 13.39218438939378 ], [ -85.349738442492864, 13.392177166954857 ], [ -85.348914721272649, 13.391333641504664 ], [ -85.348085288063388, 13.391328219132474 ] ] ] } },
{ "type": "Feature", "properties": { "fid": 764, "STRM_VAL": 1.0 }, "geometry": { "type": "MultiLineString", "coordinates": [ [ [ -85.348085288063388, 13.391328219132474 ], [ -85.347810716670807, 13.391047042731611 ], [ -85.347534239375349, 13.391045234406503 ], [ -85.346985099212844, 13.39048288038688 ], [ -85.346708622676999, 13.390481071233202 ], [ -85.346434053907061, 13.390199893614525 ], [ -85.345328149609585, 13.390192652924901 ], [ -85.345053582911945, 13.389911474023352 ], [ -85.343947680705767, 13.389904227445626 ], [ -85.342574863924696, 13.388498324221883 ], [ -85.342298390272703, 13.388496510506766 ], [ -85.342023829179425, 13.388215328908284 ], [ -85.341194409547413, 13.388209885160855 ], [ -85.34091985016704, 13.387928702543316 ], [ -85.340090431982006, 13.38792325528739 ], [ -85.339815874314581, 13.387642071650951 ], [ -85.339539402027697, 13.387640255031705 ], [ -85.338715733910377, 13.386796701953386 ], [ -85.338717649988865, 13.386517334804674 ], [ -85.338443095493346, 13.386236150018069 ], [ -85.338446928068933, 13.385677415767073 ], [ -85.337617518635014, 13.385671961295724 ], [ -85.337342966401962, 13.385390775556457 ], [ -85.336237089169259, 13.385383497647075 ], [ -85.335138892332225, 13.38425874818712 ], [ -85.334862424564861, 13.384256926903529 ], [ -85.334313330670824, 13.383694550269459 ] ] ] } },
{ "type": "Feature", "properties": { "fid": 765, "STRM_VAL": 1.0 }, "geometry": { "type": "MultiLineString", "coordinates": [ [ [ -85.320716136602513, 13.390868390271081 ], [ -85.320714199114548, 13.391147754748898 ], [ -85.32098873552728, 13.39142895694286 ], [ -85.320986798269644, 13.39170832144751 ], [ -85.321535873547774, 13.392270725214146 ] ] ] } },
{ "type": "Feature", "properties": { "fid": 766, "STRM_VAL": 1.0 }, "geometry": { "type": "MultiLineString", "coordinates": [ [ [ -85.321535873547774, 13.392270725214146 ], [ -85.321810412138731, 13.392551926753503 ], [ -85.321808475660518, 13.392831291351499 ], [ -85.322632096064808, 13.393674894693236 ], [ -85.323185049674308, 13.393678566239307 ], [ -85.323181179507699, 13.394237295774104 ], [ -85.323455722181194, 13.394518495970397 ], [ -85.323453787306391, 13.394797860761349 ], [ -85.323728330889239, 13.395079060761399 ], [ -85.324004809432367, 13.395080895674591 ], [ -85.324279354010073, 13.395362095182453 ] ] ] } },
{ "type": "Feature", "properties": { "fid": 770, "STRM_VAL": 1.0 }, "geometry": { "type": "MultiLineString", "coordinates": [ [ [ -85.310202383040078, 13.391915787691568 ], [ -85.310755329086447, 13.391919485965095 ], [ -85.311029853355095, 13.392200697706343 ], [ -85.311306326801144, 13.392202546127413 ], [ -85.311580852064679, 13.392483757377523 ], [ -85.312133799802439, 13.392487452788197 ], [ -85.312408326421206, 13.392768663284773 ], [ -85.312684800712887, 13.392770510274348 ], [ -85.312682853674559, 13.393049873552455 ], [ -85.31406522735081, 13.39305910416563 ], [ -85.314339757040258, 13.393340312892414 ], [ -85.314337811825283, 13.393619676396975 ], [ -85.314612342423729, 13.393900884928186 ], [ -85.31488881832307, 13.393902729658977 ], [ -85.315167238567255, 13.39362521046977 ], [ -85.317655521038049, 13.393641796363996 ], [ -85.317661345077852, 13.392803704397076 ], [ -85.318767245654016, 13.392811067568466 ], [ -85.319324074839258, 13.392256018853052 ], [ -85.321535873547774, 13.392270725214146 ] ] ] } },
{ "type": "Feature", "properties": { "fid": 772, "STRM_VAL": 1.0 }, "geometry": { "type": "MultiLineString", "coordinates": [ [ [ -85.301623901817038, 13.392975756593833 ], [ -85.3021729293921, 13.39353819742268 ], [ -85.302169010784979, 13.394096920891226 ], [ -85.302443526072508, 13.394378141030442 ], [ -85.302720000772453, 13.394379999142746 ], [ -85.303543551524783, 13.395223657403047 ], [ -85.303539635569209, 13.395782381195634 ], [ -85.304637714318048, 13.396907255945889 ], [ -85.304627929131968, 13.398304065987791 ], [ -85.304902451777153, 13.398585284272102 ], [ -85.304900494880428, 13.398864646294783 ], [ -85.305724067448097, 13.399708299876517 ], [ -85.306000548706834, 13.39971015512244 ], [ -85.306275074526567, 13.3999913722632 ], [ -85.306273119001204, 13.400270734454026 ], [ -85.306822173094204, 13.400833168116439 ], [ -85.307375138538717, 13.400836876206702 ], [ -85.307649667259014, 13.401118092169844 ], [ -85.307645758996259, 13.401676816893904 ], [ -85.308198726604687, 13.401680523409526 ], [ -85.308473257230091, 13.401961738686028 ], [ -85.308749741457589, 13.401963591227643 ], [ -85.30929880533489, 13.402526020568876 ], [ -85.309575290325427, 13.402527872282995 ], [ -85.309573338226173, 13.402807234896047 ], [ -85.30929490045412, 13.403084745708563 ], [ -85.309290995395486, 13.403643470822443 ], [ -85.310114599268559, 13.404487113519339 ], [ -85.310112647496069, 13.4047664761672 ], [ -85.310387183665341, 13.405047689974928 ], [ -85.310385232122954, 13.405327052649856 ], [ -85.310106791911991, 13.405604564072082 ], [ -85.310104839961753, 13.405883926694139 ], [ -85.310653915131979, 13.406446354348635 ], [ -85.310930404796565, 13.406448205109607 ], [ -85.310920648719815, 13.407845018658067 ], [ -85.310642205792419, 13.408122530347693 ], [ -85.310640254080326, 13.408401892991625 ], [ -85.310361810148606, 13.408679404245831 ], [ -85.310359858028605, 13.408958766836896 ], [ -85.309246074438789, 13.410068807777472 ], [ -85.308969580876777, 13.410066954680984 ], [ -85.30813423562256, 13.410899480272651 ], [ -85.308130325520949, 13.411458204705188 ] ] ] } },
{ "type": "Feature", "properties": { "fid": 773, "STRM_VAL": 1.0 }, "geometry": { "type": "MultiLineString", "coordinates": [ [ [ -85.308130325520949, 13.411458204705188 ], [ -85.308126415241361, 13.41201692911191 ], [ -85.309499125513909, 13.413423009411806 ], [ -85.309220673928138, 13.413700518459553 ], [ -85.309216765490248, 13.414259243083059 ], [ -85.309491309914975, 13.414540458818788 ] ] ] } },
{ "type": "Feature", "properties": { "fid": 788, "STRM_VAL": 1.0 }, "geometry": { "type": "MultiLineString", "coordinates": [ [ [ -85.363806816926783, 13.397018189553116 ], [ -85.36380115074499, 13.397856300912435 ], [ -85.363244397242369, 13.398411457883816 ], [ -85.363234949126749, 13.399808309569353 ], [ -85.362678189443798, 13.400363464543993 ], [ -85.362676298967685, 13.400642834771501 ], [ -85.362397917803634, 13.400920411634104 ], [ -85.362396026922525, 13.401199781810014 ] ] ] } },
{ "type": "Feature", "properties": { "fid": 789, "STRM_VAL": 1.0 }, "geometry": { "type": "MultiLineString", "coordinates": [ [ [ -85.362396026922525, 13.401199781810014 ], [ -85.361566554273736, 13.401194399803385 ] ] ] } },
{ "type": "Feature", "properties": { "fid": 790, "STRM_VAL": 1.0 }, "geometry": { "type": "MultiLineString", "coordinates": [ [ [ -85.361566554273736, 13.401194399803385 ], [ -85.359907610068376, 13.401183627622537 ], [ -85.359909503819637, 13.400904257795514 ], [ -85.359633013579312, 13.400902461412079 ], [ -85.359354628990403, 13.401180034475566 ], [ -85.359080033220138, 13.40089886773772 ], [ -85.358527053022996, 13.400895272853383 ], [ -85.358252458606728, 13.400614105356903 ], [ -85.358254354185078, 13.400334735749897 ], [ -85.357979760679655, 13.40005356805457 ], [ -85.357703271679583, 13.400051769670201 ], [ -85.357428679168677, 13.399770601480018 ], [ -85.356599213490014, 13.399765203721232 ], [ -85.356050032530021, 13.399202865065753 ], [ -85.356053828313406, 13.398644126402738 ], [ -85.355504650996082, 13.398081786952638 ], [ -85.353016274831077, 13.398065568556417 ], [ -85.352741690359935, 13.397784396113334 ], [ -85.352743591882856, 13.397505027219969 ], [ -85.352190621205352, 13.397501419356269 ], [ -85.352194425396448, 13.396942681706125 ], [ -85.351370680428772, 13.396099161703807 ], [ -85.351094196867038, 13.396097356606104 ], [ -85.351099906263869, 13.395259250492606 ], [ -85.35055074849781, 13.39469690233898 ], [ -85.350552652094123, 13.394417533686763 ], [ -85.349454345280904, 13.393292834741075 ], [ -85.349458154545985, 13.392734097678108 ], [ -85.348634432752448, 13.391890571242522 ], [ -85.348636338145653, 13.391611202799242 ], [ -85.348359860090596, 13.391609395302781 ], [ -85.348085288063388, 13.391328219132474 ] ] ] } },
{ "type": "Feature", "properties": { "fid": 797, "STRM_VAL": 1.0 }, "geometry": { "type": "MultiLineString", "coordinates": [ [ [ -85.296339463637409, 13.397410155328618 ], [ -85.296331596966709, 13.398527598499657 ], [ -85.295774705098054, 13.39908258824318 ], [ -85.295770770039468, 13.399641309602966 ], [ -85.295492322417317, 13.399918803796977 ], [ -85.295490354457158, 13.400198164420425 ], [ -85.295213874154754, 13.40019629760147 ], [ -85.295209937462289, 13.400755018748363 ], [ -85.295484450307754, 13.401036246252046 ], [ -85.295482482168325, 13.401315606849684 ], [ -85.295206000590497, 13.401313739869448 ], [ -85.295204032087355, 13.401593100420309 ], [ -85.295753060057606, 13.402155555402576 ], [ -85.295747155923664, 13.40299363721962 ], [ -85.295470672390437, 13.402991770299964 ], [ -85.295468703937232, 13.403271130852421 ], [ -85.295190251310217, 13.403548624095626 ], [ -85.29518828244845, 13.403827984594852 ], [ -85.294631374545048, 13.4043829698188 ], [ -85.29462349573933, 13.405500411376876 ], [ -85.294898012522253, 13.405781639980766 ], [ -85.294619556067389, 13.40605913211718 ], [ -85.294613646223127, 13.406897213179212 ], [ -85.29433715839275, 13.406895344484759 ], [ -85.294058699928669, 13.407172835748128 ], [ -85.294048845876659, 13.408569636953322 ], [ -85.293770384952239, 13.408847127592862 ], [ -85.293762499447311, 13.409964568253539 ], [ -85.292648643517069, 13.41107452616407 ], [ -85.292372151195579, 13.411072654745629 ], [ -85.292370177932071, 13.411352014666939 ], [ -85.29209171170605, 13.411629502779872 ], [ -85.292087764316165, 13.412188222509414 ], [ -85.291530828484753, 13.41274319737791 ], [ -85.290424852467268, 13.412735704074731 ], [ -85.290426828189467, 13.412456344468621 ], [ -85.290152310606132, 13.41217511085431 ], [ -85.289875817387781, 13.412173236549853 ], [ -85.289597347576972, 13.412450721433906 ], [ -85.289320854123915, 13.412448846483555 ], [ -85.289042383395113, 13.412726330634316 ], [ -85.288765889707363, 13.412724455038044 ], [ -85.288208945772666, 13.41327942148272 ], [ -85.287102969229082, 13.413271913324477 ], [ -85.287100989541855, 13.413551272425481 ], [ -85.286822515141012, 13.413828753642562 ], [ -85.286816574716269, 13.414666830765837 ], [ -85.286538098581502, 13.414944311451691 ], [ -85.28653611798552, 13.415223670432869 ] ] ] } },
{ "type": "Feature", "properties": { "fid": 798, "STRM_VAL": 1.0 }, "geometry": { "type": "MultiLineString", "coordinates": [ [ [ -85.28653611798552, 13.415223670432869 ], [ -85.286534137344461, 13.415503029407583 ], [ -85.285977181694122, 13.416057989420359 ], [ -85.285424187630326, 13.416054230291872 ], [ -85.28542616963847, 13.41577487149226 ], [ -85.285151655271591, 13.415493632748849 ], [ -85.284875158983994, 13.415491752508725 ], [ -85.284596679817994, 13.415769230650191 ], [ -85.284594696852125, 13.416048589328101 ] ] ] } },
{ "type": "Feature", "properties": { "fid": 799, "STRM_VAL": 1.0 }, "geometry": { "type": "MultiLineString", "coordinates": [ [ [ -85.340576359094484, 13.397704741965461 ], [ -85.340852843017515, 13.397706558788871 ], [ -85.340849012423462, 13.398265293193345 ], [ -85.341125497025075, 13.398267109792831 ], [ -85.341117836588751, 13.399384578681495 ], [ -85.343039847055493, 13.401352859736937 ], [ -85.34276144504986, 13.401630412219578 ] ] ] } },
{ "type": "Feature", "properties": { "fid": 800, "STRM_VAL": 1.0 }, "geometry": { "type": "MultiLineString", "coordinates": [ [ [ -85.34276144504986, 13.401630412219578 ], [ -85.342483042403742, 13.401907964314882 ], [ -85.342206553452186, 13.401906148717794 ], [ -85.341092935350588, 13.403016351858215 ], [ -85.340816445327988, 13.403014534591614 ], [ -85.340541871725833, 13.40273334997217 ], [ -85.340263465405684, 13.403010899150814 ], [ -85.338328036968591, 13.402998165578218 ], [ -85.338326117993915, 13.403277532307866 ], [ -85.337212477074431, 13.404387715392769 ], [ -85.336106513147385, 13.404380426782485 ], [ -85.335828100204324, 13.404657970216931 ] ] ] } },
{ "type": "Feature", "properties": { "fid": 801, "STRM_VAL": 1.0 }, "geometry": { "type": "MultiLineString", "coordinates": [ [ [ -85.335828100204324, 13.404657970216931 ], [ -85.335551609047329, 13.404656146966023 ], [ -85.335273195185707, 13.404933689670788 ], [ -85.334996703791944, 13.404931865775362 ], [ -85.334718289011761, 13.405209407750391 ], [ -85.334441797381203, 13.405207583210419 ], [ -85.334163381682473, 13.405485124455662 ], [ -85.333610397988963, 13.405481473783999 ], [ -85.333606548362951, 13.40604020578262 ], [ -85.333328130742103, 13.406317745864294 ], [ -85.333326205500512, 13.406597111808075 ], [ -85.333047786876079, 13.406874651455977 ], [ -85.332771293578219, 13.406872824863921 ], [ -85.332214453851279, 13.407427902311806 ], [ -85.331108478848577, 13.407420590180751 ], [ -85.330830056912475, 13.407698126954333 ], [ -85.330553562986921, 13.407696297822875 ], [ -85.329439867722897, 13.408806439667941 ], [ -85.328886877772774, 13.40880277775984 ], [ -85.328337750615219, 13.408240384271579 ], [ -85.327780898367649, 13.4087954503117 ], [ -85.327227908912775, 13.408791784771664 ] ] ] } },
{ "type": "Feature", "properties": { "fid": 802, "STRM_VAL": 1.0 }, "geometry": { "type": "MultiLineString", "coordinates": [ [ [ -85.327227908912775, 13.408791784771664 ], [ -85.326121930498616, 13.40878445005966 ], [ -85.32584350174686, 13.409061980443953 ], [ -85.325567006968868, 13.409060145667038 ], [ -85.325292447121882, 13.408778945847725 ], [ -85.325015952745659, 13.408777110505095 ], [ -85.32474139389457, 13.408495910192871 ], [ -85.324743329334297, 13.408216545519485 ], [ -85.324190342064924, 13.408212873479464 ], [ -85.32391578484517, 13.407931672444564 ], [ -85.323921593639298, 13.407093578723106 ], [ -85.323647037879851, 13.406812377558017 ], [ -85.322817562320154, 13.40680686600721 ], [ -85.322260702595059, 13.407361918817942 ], [ -85.322252949614295, 13.408479376122557 ], [ -85.321974517337821, 13.40875690176072 ], [ -85.321421529620125, 13.408753223509018 ], [ -85.32114309614748, 13.40903074807397 ], [ -85.321141156427387, 13.409310112212314 ], [ -85.320862721950618, 13.409587636342568 ], [ -85.320858841651429, 13.410146364507577 ], [ -85.320301969322031, 13.410701411417683 ], [ -85.320298087393013, 13.411260139372194 ], [ -85.318627450660898, 13.412925270220692 ] ] ] } },
{ "type": "Feature", "properties": { "fid": 804, "STRM_VAL": 1.0 }, "geometry": { "type": "MultiLineString", "coordinates": [ [ [ -85.286384331446428, 13.39762216587012 ], [ -85.286380375159013, 13.398180884545846 ], [ -85.28443117525147, 13.400123255760832 ], [ -85.284425232840491, 13.400961332738776 ], [ -85.284146772057383, 13.401238812639786 ], [ -85.284144790799516, 13.401518171572482 ], [ -85.283587866583844, 13.402073130110125 ], [ -85.283585884552863, 13.402352488942268 ], [ -85.283307421120199, 13.402629967578845 ], [ -85.28330543868006, 13.40290932635747 ], [ -85.283579938189106, 13.403190565399946 ], [ -85.283301473664338, 13.403468043895341 ], [ -85.283299491088755, 13.403747402654592 ], [ -85.283023008498958, 13.403745522000561 ], [ -85.282744542692967, 13.404022999715583 ], [ -85.281915094348307, 13.404017354908969 ], [ -85.281079690597736, 13.404849782624126 ], [ -85.281077705244812, 13.405129141026025 ], [ -85.280520765479423, 13.405684090790338 ], [ -85.280516793181192, 13.406242807386262 ], [ -85.280238321609033, 13.406520281588612 ], [ -85.279685351025933, 13.406516512509036 ], [ -85.279406878259934, 13.406793985634454 ], [ -85.279402903047909, 13.407352701853217 ], [ -85.278849930805606, 13.407348930713944 ], [ -85.278571456117234, 13.407626402667979 ], [ -85.278567478719552, 13.408185118603726 ] ] ] } },
{ "type": "Feature", "properties": { "fid": 809, "STRM_VAL": 1.0 }, "geometry": { "type": "MultiLineString", "coordinates": [ [ [ -85.310710487728073, 13.398344833746513 ], [ -85.312092890226197, 13.398354078733869 ], [ -85.3123674226064, 13.398635289933404 ], [ -85.314579271653074, 13.398650064087835 ], [ -85.314573434305245, 13.399488154334406 ], [ -85.314847971027419, 13.399769363304923 ], [ -85.314844079789665, 13.40032809017057 ], [ -85.315397046376688, 13.400331780558423 ], [ -85.316232328576561, 13.399499222965995 ], [ -85.316785293666243, 13.399502910090362 ], [ -85.317059833271728, 13.399784116960053 ], [ -85.317336316239263, 13.399785959805945 ], [ -85.317334373512168, 13.40006532360046 ], [ -85.318163823620537, 13.400070850442853 ], [ -85.318442248524747, 13.399793328165083 ], [ -85.319548181474332, 13.399800691685103 ], [ -85.319822724958001, 13.400081895961447 ], [ -85.319820785056351, 13.400361260107456 ], [ -85.3200953294497, 13.400642464187678 ], [ -85.320093389778549, 13.400921828360538 ], [ -85.32036793508162, 13.401203032244609 ], [ -85.320350478526208, 13.403717309809849 ] ] ] } },
{ "type": "Feature", "properties": { "fid": 813, "STRM_VAL": 1.0 }, "geometry": { "type": "MultiLineString", "coordinates": [ [ [ -85.369028054611746, 13.401801482039367 ], [ -85.368749678407312, 13.402079066568469 ], [ -85.368744027125175, 13.402917179667339 ], [ -85.369018637402931, 13.403198337397065 ], [ -85.369016753832511, 13.40347770844931 ], [ -85.368738375456985, 13.403755292708329 ], [ -85.368736491481769, 13.40403466370913 ], [ -85.369011102863865, 13.404315821567467 ], [ -85.369009219121864, 13.404595192593987 ], [ -85.368730839298792, 13.404872776672947 ], [ -85.368727070962308, 13.405431518616664 ], [ -85.368448689774738, 13.40570910221938 ], [ -85.368446805180213, 13.405988473136572 ], [ -85.368721418135834, 13.406269631484005 ], [ -85.368719533774552, 13.406549002426921 ], [ -85.368441151139194, 13.406826585849545 ], [ -85.367058660587716, 13.406817643740673 ] ] ] } },
{ "type": "Feature", "properties": { "fid": 814, "STRM_VAL": 1.0 }, "geometry": { "type": "MultiLineString", "coordinates": [ [ [ -85.367058660587716, 13.406817643740673 ], [ -85.367060546906245, 13.406538273035833 ], [ -85.366231054016225, 13.406532904254759 ], [ -85.365681834656527, 13.405970582511667 ], [ -85.365685610183277, 13.405411841443382 ], [ -85.365411002008685, 13.405130680288687 ], [ -85.365414777915561, 13.404571939259128 ], [ -85.365140170928385, 13.4042907779372 ], [ -85.365143947215316, 13.403732036946385 ], [ -85.364869341415456, 13.403450875457279 ], [ -85.364875006351312, 13.402612764019533 ], [ -85.364045527827656, 13.402607389600224 ], [ -85.363496321945448, 13.402045064537614 ], [ -85.36294333790228, 13.402041479023431 ], [ -85.362945228274725, 13.401762108789359 ], [ -85.36267062728102, 13.401480945415427 ], [ -85.362394135998329, 13.401479151979492 ], [ -85.362396026922525, 13.401199781810014 ] ] ] } },
{ "type": "Feature", "properties": { "fid": 817, "STRM_VAL": 1.0 }, "geometry": { "type": "MultiLineString", "coordinates": [ [ [ -85.34524602334173, 13.402205471383722 ], [ -85.343863575353637, 13.402196405302877 ], [ -85.343314422519711, 13.401634041822826 ], [ -85.34276144504986, 13.401630412219578 ] ] ] } },
{ "type": "Feature", "properties": { "fid": 818, "STRM_VAL": 1.0 }, "geometry": { "type": "MultiLineString", "coordinates": [ [ [ -85.378699701753959, 13.402701936806903 ], [ -85.37869782943288, 13.402981309218298 ], [ -85.37814109300605, 13.403536501402334 ], [ -85.377864597237718, 13.403534724638746 ], [ -85.377586227784519, 13.403812319811246 ], [ -85.377584354016918, 13.404091692043467 ], [ -85.37592537666076, 13.404081022831864 ], [ -85.375368631762171, 13.404636207838067 ], [ -85.375092135118635, 13.404634427895076 ], [ -85.375090258351932, 13.404913799762351 ], [ -85.374811884301053, 13.40519139130074 ], [ -85.37480812991592, 13.405750134926258 ], [ -85.3750827508578, 13.406031287167155 ], [ -85.375080873877423, 13.406310659002276 ] ] ] } },
{ "type": "Feature", "properties": { "fid": 819, "STRM_VAL": 1.0 }, "geometry": { "type": "MultiLineString", "coordinates": [ [ [ -85.375080873877423, 13.406310659002276 ], [ -85.374802498017687, 13.406588250316313 ], [ -85.372590508769505, 13.406573995304111 ], [ -85.372033750665281, 13.407129171316388 ], [ -85.371757251632232, 13.407127387395702 ], [ -85.371200490407219, 13.407682561181245 ], [ -85.371194845166642, 13.408520674935273 ], [ -85.37063807920677, 13.409075846906399 ], [ -85.370634314051031, 13.409634589197051 ], [ -85.369799158132707, 13.410467343987193 ], [ -85.369246153091723, 13.410463770075175 ], [ -85.368971535274397, 13.410182611773653 ] ] ] } },
{ "type": "Feature", "properties": { "fid": 820, "STRM_VAL": 1.0 }, "geometry": { "type": "MultiLineString", "coordinates": [ [ [ -85.368971535274397, 13.410182611773653 ], [ -85.368973419874266, 13.409903240875781 ], [ -85.368424186699059, 13.409340923641086 ], [ -85.368702572592355, 13.409063340623678 ], [ -85.36870445733976, 13.408783969738662 ], [ -85.368155227093041, 13.408221652233028 ], [ -85.367878727347076, 13.408219863920873 ], [ -85.367604113536444, 13.407938704556132 ], [ -85.367605999388573, 13.407659333799785 ], [ -85.367056774226242, 13.407097014439078 ], [ -85.367058660587716, 13.406817643740673 ] ] ] } },
{ "type": "Feature", "properties": { "fid": 838, "STRM_VAL": 1.0 }, "geometry": { "type": "MultiLineString", "coordinates": [ [ [ -85.383383317408502, 13.405246440584772 ], [ -85.383108686524395, 13.404965296367788 ], [ -85.380896702978845, 13.404951115826215 ], [ -85.380622075601892, 13.404669969262104 ], [ -85.380069080833067, 13.4046664205721 ], [ -85.379790712165146, 13.404944018292959 ], [ -85.379788840779057, 13.405223390806281 ], [ -85.37812985384447, 13.405212735198276 ], [ -85.377851482500247, 13.405490330442934 ], [ -85.377849608795671, 13.405769702674961 ], [ -85.377292863461747, 13.406324891917295 ], [ -85.375080873877423, 13.406310659002276 ] ] ] } },
{ "type": "Feature", "properties": { "fid": 842, "STRM_VAL": 1.0 }, "geometry": { "type": "MultiLineString", "coordinates": [ [ [ -85.361530601168312, 13.406502429714891 ], [ -85.361255997281219, 13.40622126447256 ], [ -85.360979500778086, 13.406219468865052 ], [ -85.360704897885938, 13.40593830312735 ], [ -85.360718151672458, 13.40398271415418 ], [ -85.360996538489701, 13.403705139836312 ], [ -85.360998431353266, 13.40342576991206 ], [ -85.361274924666361, 13.403427565131906 ], [ -85.361278709626248, 13.40286882518657 ], [ -85.361557094438226, 13.402591250005262 ], [ -85.361566554273736, 13.401194399803385 ] ] ] } },
{ "type": "Feature", "properties": { "fid": 856, "STRM_VAL": 1.0 }, "geometry": { "type": "MultiLineString", "coordinates": [ [ [ -85.307030214724506, 13.410612698681552 ], [ -85.307583202582009, 13.41061640896951 ], [ -85.30785774127024, 13.410897625845381 ], [ -85.307855785922541, 13.411176988024856 ], [ -85.308130325520949, 13.411458204705188 ] ] ] } },
{ "type": "Feature", "properties": { "fid": 859, "STRM_VAL": 1.0 }, "geometry": { "type": "MultiLineString", "coordinates": [ [ [ -85.274670749410006, 13.411790326322826 ], [ -85.274947239976981, 13.411792217235599 ], [ -85.275221737401679, 13.412073465230735 ], [ -85.276051210443228, 13.412079135367124 ], [ -85.276329693450549, 13.411801667258977 ], [ -85.276331685313565, 13.41152230970431 ], [ -85.277437647581934, 13.411529864111383 ], [ -85.277716128477451, 13.411252394191509 ], [ -85.27799062897131, 13.411533639498751 ], [ -85.279373083188574, 13.411543072670014 ], [ -85.279647586126018, 13.411824316439626 ], [ -85.280200568833521, 13.41182808706524 ], [ -85.280475073129637, 13.412109330083021 ], [ -85.281032029651044, 13.411554382486559 ], [ -85.282690977641295, 13.411565681406007 ], [ -85.282965484917483, 13.411846922031094 ] ] ] } },
{ "type": "Feature", "properties": { "fid": 869, "STRM_VAL": 1.0 }, "geometry": { "type": "MultiLineString", "coordinates": [ [ [ -85.304235881486676, 13.414784553378063 ], [ -85.304784959073686, 13.415346994213341 ], [ -85.304782999502223, 13.41562635584884 ], [ -85.305332080181572, 13.416188795835152 ], [ -85.305608580222341, 13.416190653748268 ], [ -85.30615766416706, 13.416753092292669 ], [ -85.306434164971861, 13.416754949377445 ], [ -85.306708708259052, 13.417036168043143 ], [ -85.306985209466745, 13.417038024562304 ], [ -85.307808844226713, 13.417881678395741 ] ] ] } },
{ "type": "Feature", "properties": { "fid": 871, "STRM_VAL": 1.0 }, "geometry": { "type": "MultiLineString", "coordinates": [ [ [ -85.316672507905551, 13.415705995269533 ], [ -85.315574292090943, 13.414581157754391 ] ] ] } },
{ "type": "Feature", "properties": { "fid": 876, "STRM_VAL": 1.0 }, "geometry": { "type": "MultiLineString", "coordinates": [ [ [ -85.266900988083307, 13.41564824349657 ], [ -85.267175478845843, 13.415929499567332 ], [ -85.267728467292926, 13.415933298665189 ], [ -85.268551945566657, 13.416777063942726 ], [ -85.268549943903025, 13.417056420230349 ], [ -85.269379431110096, 13.417062114372419 ], [ -85.269653926499146, 13.417343368259063 ], [ -85.270483415176727, 13.417349058890069 ], [ -85.271040405468071, 13.416794137824491 ], [ -85.271869892870498, 13.416799823667775 ], [ -85.272148386224487, 13.416522361517282 ], [ -85.274636848245478, 13.416539399602241 ], [ -85.274911349963389, 13.416820648443085 ], [ -85.276570328732319, 13.416831991967809 ], [ -85.276848817383282, 13.416554523975584 ], [ -85.277401810093309, 13.416558302040809 ], [ -85.277676315429389, 13.416839548261271 ], [ -85.277954802973454, 13.416562078894787 ], [ -85.278784292612542, 13.416567741904659 ], [ -85.279058799757479, 13.416848986814673 ], [ -85.27905482064881, 13.417407702486644 ], [ -85.27877832305964, 13.417405815300182 ], [ -85.278776333118131, 13.417685173085754 ], [ -85.279325350235837, 13.418247662951847 ] ] ] } },
{ "type": "Feature", "properties": { "fid": 877, "STRM_VAL": 1.0 }, "geometry": { "type": "MultiLineString", "coordinates": [ [ [ -85.279325350235837, 13.418247662951847 ], [ -85.280148880681125, 13.419091396041564 ], [ -85.280146892064607, 13.419370753991831 ], [ -85.280421403758851, 13.419651997933356 ], [ -85.280697904157307, 13.419653883628191 ], [ -85.280972416849252, 13.419935127079494 ] ] ] } },
{ "type": "Feature", "properties": { "fid": 878, "STRM_VAL": 1.0 }, "geometry": { "type": "MultiLineString", "coordinates": [ [ [ -85.344044404216078, 13.416166589880733 ], [ -85.344601242520511, 13.415611485854203 ], [ -85.344877747475735, 13.415613300647209 ] ] ] } },
{ "type": "Feature", "properties": { "fid": 879, "STRM_VAL": 1.0 }, "geometry": { "type": "MultiLineString", "coordinates": [ [ [ -85.344877747475735, 13.415613300647209 ], [ -85.344053975180898, 13.414769753529816 ], [ -85.343777471306083, 13.414767937945845 ], [ -85.342679118588435, 13.413643204168878 ], [ -85.342402616195102, 13.413641387227685 ], [ -85.341853444371253, 13.41307901842708 ], [ -85.341576942739138, 13.413077200655989 ], [ -85.341027774178542, 13.41251483040525 ], [ -85.341029691403492, 13.412235463495461 ], [ -85.340480525936798, 13.411673092387474 ], [ -85.339927526315009, 13.411669453907452 ], [ -85.339931363012752, 13.41111072035681 ], [ -85.339656782504193, 13.410829533995525 ], [ -85.339935199535873, 13.410551986780392 ], [ -85.339386040256244, 13.409989613958537 ], [ -85.339387959003233, 13.409710247226327 ], [ -85.338564225676805, 13.408866686362801 ], [ -85.338569984134423, 13.408028586423139 ], [ -85.338020833413324, 13.407466211558711 ], [ -85.33774433873765, 13.407464390335205 ], [ -85.33746976469034, 13.407183202293991 ], [ -85.337475526189962, 13.406345102710114 ], [ -85.336922539596188, 13.406341459064583 ], [ -85.336373396499937, 13.405779081435192 ], [ -85.336375318100949, 13.405499715038815 ], [ -85.336100747781117, 13.405218525911522 ], [ -85.336104591402389, 13.404659793165271 ], [ -85.335828100204324, 13.404657970216931 ] ] ] } },
{ "type": "Feature", "properties": { "fid": 884, "STRM_VAL": 1.0 }, "geometry": { "type": "MultiLineString", "coordinates": [ [ [ -85.353163396170288, 13.417064446319936 ], [ -85.352606571507138, 13.417619571090471 ], [ -85.35205736531536, 13.417057220891566 ], [ -85.350398320253802, 13.417046373662947 ] ] ] } },
{ "type": "Feature", "properties": { "fid": 885, "STRM_VAL": 1.0 }, "geometry": { "type": "MultiLineString", "coordinates": [ [ [ -85.350398320253802, 13.417046373662947 ], [ -85.349845305559072, 13.417042755497132 ], [ -85.349296107671691, 13.416480400151304 ], [ -85.349017692485774, 13.416757958034905 ], [ -85.347911665351731, 13.416750714590739 ], [ -85.347637068886485, 13.416469535219459 ], [ -85.347360562565029, 13.416467723337501 ], [ -85.347364383505806, 13.415908987890175 ], [ -85.347089788588221, 13.415627808089328 ], [ -85.346811372262493, 13.415905363374101 ], [ -85.34570535026576, 13.415898110707889 ], [ -85.345430757508794, 13.415616929324726 ], [ -85.344877747475735, 13.415613300647209 ] ] ] } },
{ "type": "Feature", "properties": { "fid": 886, "STRM_VAL": 1.0 }, "geometry": { "type": "MultiLineString", "coordinates": [ [ [ -85.384132522658447, 13.417264790825007 ], [ -85.382196937490662, 13.417252380603481 ], [ -85.38192229614738, 13.416971233959911 ], [ -85.381092761323856, 13.41696590995636 ], [ -85.38081437785479, 13.417243507072797 ], [ -85.379708330865697, 13.417236402796227 ], [ -85.379433692756265, 13.416955253771402 ], [ -85.379157181468329, 13.416953476680485 ] ] ] } },
{ "type": "Feature", "properties": { "fid": 887, "STRM_VAL": 1.0 }, "geometry": { "type": "MultiLineString", "coordinates": [ [ [ -85.379157181468329, 13.416953476680485 ], [ -85.379160929054763, 13.416394732340956 ], [ -85.378607907876287, 13.41639117740387 ], [ -85.377509368324255, 13.415266576059677 ], [ -85.375850314374702, 13.415255897632363 ], [ -85.375571927771318, 13.415533488534258 ], [ -85.375297296712262, 13.415252335733866 ], [ -85.37502078794121, 13.415250554330353 ], [ -85.37474240050031, 13.415528144208418 ], [ -85.37391287359047, 13.415522797156962 ], [ -85.373638244687939, 13.415241642770207 ], [ -85.373085227667673, 13.415238076026272 ], [ -85.372810600119976, 13.414956920878485 ], [ -85.372814361795932, 13.414398178216048 ], [ -85.372265109714107, 13.413835867351894 ], [ -85.371435589635652, 13.41383051281688 ], [ -85.371160965626871, 13.413549356243594 ], [ -85.370607953161198, 13.413545784511024 ], [ -85.370333330507208, 13.413264627177064 ] ] ] } },
{ "type": "Feature", "properties": { "fid": 888, "STRM_VAL": 1.0 }, "geometry": { "type": "MultiLineString", "coordinates": [ [ [ -85.370333330507208, 13.413264627177064 ], [ -85.370058708489026, 13.412983469610969 ], [ -85.370060592241003, 13.412704098623168 ], [ -85.369785971134974, 13.412422940857098 ], [ -85.36979162296268, 13.41158482795146 ], [ -85.369517003321377, 13.411303670049703 ], [ -85.369520771544742, 13.410744928144698 ], [ -85.368967765945953, 13.410741353550083 ], [ -85.368971535274397, 13.410182611773653 ] ] ] } },
{ "type": "Feature", "properties": { "fid": 890, "STRM_VAL": 1.0 }, "geometry": { "type": "MultiLineString", "coordinates": [ [ [ -85.332972654106371, 13.417769916447096 ], [ -85.33214892167743, 13.416926334544511 ], [ -85.331319407807726, 13.416920846875112 ], [ -85.331044832684725, 13.41663965165661 ], [ -85.331048691388716, 13.416080920857945 ], [ -85.330499544151863, 13.415518529862096 ], [ -85.330501473988733, 13.415239164519162 ], [ -85.329952329845881, 13.414676772668278 ], [ -85.329958120744948, 13.413838676799086 ], [ -85.329683550453112, 13.41355748062745 ], [ -85.329961981124711, 13.413279946187384 ], [ -85.329963911248697, 13.413000580871863 ], [ -85.329689341782682, 13.412719384799406 ], [ -85.32996777136492, 13.412441850221473 ], [ -85.329969701357157, 13.412162484886611 ], [ -85.329695132716907, 13.411881288913333 ], [ -85.329142135663503, 13.411877626741202 ], [ -85.328867568379707, 13.411596430011341 ], [ -85.328591070275309, 13.411594598207975 ], [ -85.328593001731548, 13.411315233051369 ], [ -85.328318435718998, 13.411034035861299 ], [ -85.32859686451215, 13.410756502718815 ], [ -85.328600727116921, 13.410197772360471 ], [ -85.328047734223304, 13.410194108240978 ], [ -85.327773170032231, 13.409912910656988 ], [ -85.327777034287905, 13.409354180497237 ], [ -85.327227908912775, 13.408791784771664 ] ] ] } },
{ "type": "Feature", "properties": { "fid": 892, "STRM_VAL": 1.0 }, "geometry": { "type": "MultiLineString", "coordinates": [ [ [ -85.367255907864461, 13.418552998182669 ], [ -85.367534306825036, 13.41827541801727 ], [ -85.367538081663554, 13.417716676974379 ], [ -85.367816479258209, 13.417439096332298 ], [ -85.367824026970965, 13.416321613989052 ], [ -85.368102422475346, 13.416044032780256 ], [ -85.368106195349696, 13.415485291479921 ], [ -85.368662982985967, 13.414930127722718 ], [ -85.368664868634383, 13.414650756972831 ], [ -85.369217883090585, 13.414654333253225 ] ] ] } },
{ "type": "Feature", "properties": { "fid": 893, "STRM_VAL": 1.0 }, "geometry": { "type": "MultiLineString", "coordinates": [ [ [ -85.369217883090585, 13.414654333253225 ], [ -85.369774666321902, 13.41409916649463 ], [ -85.369778434764441, 13.413540424641194 ], [ -85.370331446988715, 13.413543998190546 ], [ -85.370333330507208, 13.413264627177064 ] ] ] } },
{ "type": "Feature", "properties": { "fid": 894, "STRM_VAL": 1.0 }, "geometry": { "type": "MultiLineString", "coordinates": [ [ [ -85.381632686723592, 13.418925066994371 ], [ -85.381638300311565, 13.418086949576075 ], [ -85.379702710954518, 13.418074519467989 ], [ -85.37915343371138, 13.417512220994286 ], [ -85.379431819218425, 13.41723462596986 ], [ -85.379157181468329, 13.416953476680485 ] ] ] } },
{ "type": "Feature", "properties": { "fid": 897, "STRM_VAL": 1.0 }, "geometry": { "type": "MultiLineString", "coordinates": [ [ [ -85.296178053609694, 13.4203177196915 ], [ -85.295901550205727, 13.420315850878019 ], [ -85.295352485854821, 13.419753392018837 ], [ -85.294522978064137, 13.419747782185459 ], [ -85.294248447926947, 13.419466551625112 ], [ -85.293695443666621, 13.419462809696622 ], [ -85.292871859239412, 13.418619115068651 ], [ -85.292873833032033, 13.418339755234538 ], [ -85.292324780475468, 13.417777291074193 ], [ -85.292048280535155, 13.417775418383552 ], [ -85.29149923124487, 13.417212952784238 ], [ -85.291503181528938, 13.416654233448901 ], [ -85.290950184497817, 13.416650486271035 ], [ -85.290952160210963, 13.416371126674516 ], [ -85.291230633735125, 13.416093640731031 ], [ -85.291232609039142, 13.415814281081166 ], [ -85.290958087080739, 13.415533047846186 ], [ -85.290681589905461, 13.415531173964736 ], [ -85.290403116555609, 13.415808659315534 ], [ -85.290128595681523, 13.415527425293451 ], [ -85.289852098632878, 13.415525550503613 ], [ -85.289573624451961, 13.415803034824675 ], [ -85.289020629927322, 13.415799283650095 ], [ -85.289022607740307, 13.41551992431733 ], [ -85.287916620474974, 13.415512418496496 ], [ -85.287642103128434, 13.415231182147515 ], [ -85.28653611798552, 13.415223670432869 ] ] ] } },
{ "type": "Feature", "properties": { "fid": 902, "STRM_VAL": 1.0 }, "geometry": { "type": "MultiLineString", "coordinates": [ [ [ -85.355615840759341, 13.422388693262926 ], [ -85.355339326550535, 13.422386889346837 ], [ -85.354515493335938, 13.421543369963171 ], [ -85.354238980247942, 13.421541564951886 ], [ -85.353960563548938, 13.421819128172022 ], [ -85.353407536937311, 13.421815516556693 ], [ -85.352850700499545, 13.422370640467282 ], [ -85.351744645534097, 13.42236341086519 ], [ -85.35147003850777, 13.422082234536392 ], [ -85.351475758087474, 13.421244129985345 ], [ -85.351754176569756, 13.420966569751808 ], [ -85.351759894670877, 13.420128465006446 ], [ -85.352038311423414, 13.41985090424923 ], [ -85.352040217007669, 13.41957153594246 ], [ -85.351491008392017, 13.419009184232332 ], [ -85.351498632503606, 13.417891711201181 ], [ -85.350945615567113, 13.417888095224294 ], [ -85.350947522125281, 13.417608727028403 ], [ -85.350398320253802, 13.417046373662947 ] ] ] } },
{ "type": "Feature", "properties": { "fid": 914, "STRM_VAL": 1.0 }, "geometry": { "type": "MultiLineString", "coordinates": [ [ [ -85.270156909281724, 13.424331073382367 ], [ -85.270433413534306, 13.424332970979407 ], [ -85.270711918121748, 13.424055511826619 ], [ -85.270715918569621, 13.423496798913543 ], [ -85.271268925371629, 13.423500592347269 ], [ -85.2712669258093, 13.423779948888845 ], [ -85.271541430305419, 13.424061201768131 ], [ -85.271819933420943, 13.423783741192462 ], [ -85.272372941203258, 13.42378753228417 ], [ -85.27265144312355, 13.423510070629604 ], [ -85.272653441043275, 13.423230713877182 ], [ -85.272931941957069, 13.422953251784124 ], [ -85.272933939466498, 13.422673894977903 ], [ -85.273212439373864, 13.422396432446391 ], [ -85.273216433526784, 13.4218377187199 ], [ -85.274322441171336, 13.421845292488495 ], [ -85.274600938600429, 13.421567828096215 ], [ -85.274877440341328, 13.421569720437287 ], [ -85.275155936852087, 13.421292255310243 ], [ -85.274881430389257, 13.421011006182054 ], [ -85.274604929287094, 13.421009113922604 ], [ -85.274606924562363, 13.420729756826093 ], [ -85.275163915307488, 13.42017482658482 ], [ -85.27544041553675, 13.420176718116052 ], [ -85.275444403853569, 13.419618003632932 ], [ -85.275722897257765, 13.419340537487637 ], [ -85.275999396614182, 13.419342428290729 ], [ -85.276001390020539, 13.419063070951426 ], [ -85.276554388222422, 13.419066851567434 ], [ -85.276556380944811, 13.418787494140117 ], [ -85.276834872148015, 13.418510026478502 ], [ -85.278217365416808, 13.418519470796497 ], [ -85.278495854594766, 13.418242001026059 ], [ -85.279325350235837, 13.418247662951847 ] ] ] } },
{ "type": "Feature", "properties": { "fid": 915, "STRM_VAL": 1.0 }, "geometry": { "type": "MultiLineString", "coordinates": [ [ [ -85.373566775102844, 13.425857752607309 ], [ -85.373568656672887, 13.425578381414907 ], [ -85.373015616015834, 13.425574811823417 ], [ -85.373025026419569, 13.424177956149638 ], [ -85.372750390020826, 13.423896799976152 ], [ -85.372759800738038, 13.422499944301663 ], [ -85.372483284024582, 13.422498159171697 ], [ -85.371934016622234, 13.421935845918894 ], [ -85.37194343063284, 13.420538990596624 ], [ -85.372221827384038, 13.42026140494076 ], [ -85.37194719593731, 13.419980248422652 ], [ -85.371952843572814, 13.419142135113413 ], [ -85.371399818093479, 13.419138563656897 ], [ -85.371405467259791, 13.418300450520839 ], [ -85.371128955538566, 13.41829866445377 ], [ -85.370854327466034, 13.418017507102638 ], [ -85.370577816144589, 13.418015720468297 ], [ -85.370303189067712, 13.417734562620543 ], [ -85.370305073229176, 13.417455191703601 ], [ -85.370030447064821, 13.417174033655735 ], [ -85.370037984387793, 13.416056550052053 ], [ -85.369214113027951, 13.415213074900892 ], [ -85.369217883090585, 13.414654333253225 ] ] ] } },
{ "type": "Feature", "properties": { "fid": 920, "STRM_VAL": 1.0 }, "geometry": { "type": "MultiLineString", "coordinates": [ [ [ -85.28562733045267, 13.426392382548963 ], [ -85.28535082162486, 13.426390501332778 ], [ -85.285072328797952, 13.426667978326895 ], [ -85.284795819735322, 13.426666096464043 ], [ -85.283681840900741, 13.427775999159165 ], [ -85.283679855035956, 13.428055357437259 ], [ -85.283122861038095, 13.428610306346268 ], [ -85.282846350035285, 13.428608422077737 ], [ -85.28256785179633, 13.428885895602336 ], [ -85.282563877103726, 13.429444611775391 ], [ -85.281734341600739, 13.429438955876199 ], [ -85.281732353227881, 13.429718313831113 ], [ -85.281453852421151, 13.429995785792293 ], [ -85.278965242833763, 13.42997879826617 ], [ -85.278408234305942, 13.430533734826982 ] ] ] } },
{ "type": "Feature", "properties": { "fid": 923, "STRM_VAL": 1.0 }, "geometry": { "type": "MultiLineString", "coordinates": [ [ [ -85.347007588175146, 13.427640613121335 ], [ -85.346450723670856, 13.428195719385709 ], [ -85.344791606833425, 13.428184826420846 ], [ -85.344783945620449, 13.429302294746607 ], [ -85.345058551177203, 13.429583478259644 ], [ -85.345056636041193, 13.429862845357663 ], [ -85.344778199253511, 13.430140395923203 ], [ -85.344768621104379, 13.431537231088514 ], [ -85.344490181858617, 13.431814781038064 ], [ -85.344488265734896, 13.432094148006161 ], [ -85.344209825483802, 13.432371697522107 ], [ -85.34419832564717, 13.43404789892149 ], [ -85.343919882574184, 13.434325447775661 ], [ -85.344469102102224, 13.434887817332285 ], [ -85.344467185499397, 13.43516718422941 ], [ -85.344741796494958, 13.435448368693329 ], [ -85.344734130753068, 13.43656583634813 ], [ -85.345008743490581, 13.436847020711433 ], [ -85.345004910910873, 13.437405754565514 ], [ -85.344726464314348, 13.43768330389968 ], [ -85.34470921227944, 13.440197605513095 ] ] ] } },
{ "type": "Feature", "properties": { "fid": 924, "STRM_VAL": 1.0 }, "geometry": { "type": "MultiLineString", "coordinates": [ [ [ -85.34470921227944, 13.440197605513095 ], [ -85.344152310617218, 13.440752702195875 ], [ -85.344146556973996, 13.441590802343766 ], [ -85.343868104088571, 13.441868349965942 ], [ -85.343862348962602, 13.442706449918829 ], [ -85.342479670190812, 13.442697349374841 ], [ -85.341087383694685, 13.444085072409315 ], [ -85.340812768824861, 13.443803883495731 ], [ -85.340536232159153, 13.443802060498749 ], [ -85.340534309682241, 13.444081426640334 ], [ -85.340255849896948, 13.44435896939647 ], [ -85.340253927012697, 13.444638335485878 ], [ -85.339697004786501, 13.445193419741193 ], [ -85.33969508113114, 13.445472785732683 ], [ -85.339969696214993, 13.445753975900088 ], [ -85.33996777279232, 13.446033341917934 ], [ -85.339689309902909, 13.446310883668398 ], [ -85.339687386072782, 13.446590249634044 ], [ -85.338304687972553, 13.446581123579765 ], [ -85.337469290170361, 13.447413741219442 ], [ -85.337192749836362, 13.447411914069271 ], [ -85.336078875983745, 13.44852206410863 ], [ -85.335525793206884, 13.448518406154054 ], [ -85.335247322578425, 13.448795942006033 ], [ -85.334970780972668, 13.448794112230374 ], [ -85.334413837228894, 13.449349182081805 ] ] ] } },
{ "type": "Feature", "properties": { "fid": 925, "STRM_VAL": 1.0 }, "geometry": { "type": "MultiLineString", "coordinates": [ [ [ -85.334413837228894, 13.449349182081805 ], [ -85.333578416790871, 13.450181783942268 ], [ -85.333576485305301, 13.450461148951723 ], [ -85.333851097416982, 13.450742345524329 ], [ -85.333572622202567, 13.451019878951245 ], [ -85.331636815626581, 13.451007049185767 ], [ -85.33107985936266, 13.451562110069123 ], [ -85.331072120752381, 13.452679568518537 ], [ -85.3305151590029, 13.453234627477874 ], [ -85.329962066987079, 13.453230956036478 ], [ -85.329683584589588, 13.453508484245987 ], [ -85.329958194680714, 13.45378968488056 ], [ -85.329956258461621, 13.454069049292904 ], [ -85.330230869466874, 13.454350249729355 ], [ -85.330225061374861, 13.455188343026705 ], [ -85.330499673847001, 13.455469543331077 ], [ -85.330497738004794, 13.455748907783631 ] ] ] } },
{ "type": "Feature", "properties": { "fid": 926, "STRM_VAL": 1.0 }, "geometry": { "type": "MultiLineString", "coordinates": [ [ [ -85.330497738004794, 13.455748907783631 ], [ -85.330495802118648, 13.456028272229716 ], [ -85.329942703697256, 13.456024599998244 ], [ -85.327993287907674, 13.457967286070714 ], [ -85.327440185744663, 13.457963607817547 ], [ -85.327438245982933, 13.458242971777022 ], [ -85.327159754516927, 13.458520496068575 ], [ -85.326883202897989, 13.458518656103307 ], [ -85.3266047105095, 13.458796179662009 ], [ -85.32577505506363, 13.458790656912987 ], [ -85.324939571525988, 13.459623222161078 ], [ -85.324937628616453, 13.459902585725329 ], [ -85.32465913245241, 13.460180106649462 ], [ -85.32465524577205, 13.460738833666348 ], [ -85.324929856537452, 13.461020039917639 ], [ -85.324927913407478, 13.461299403449537 ], [ -85.323535417037803, 13.46268700302101 ], [ -85.323533472040836, 13.462966366315849 ], [ -85.322976468258119, 13.463521403324268 ], [ -85.321870241442497, 13.463514020553317 ], [ -85.321595632170954, 13.463232811096647 ], [ -85.318276960050554, 13.463210630435595 ], [ -85.31799845281526, 13.463488142558951 ] ] ] } },
{ "type": "Feature", "properties": { "fid": 927, "STRM_VAL": 1.0 }, "geometry": { "type": "MultiLineString", "coordinates": [ [ [ -85.31799845281526, 13.463488142558951 ], [ -85.316892228988536, 13.463480737904602 ], [ -85.316617626233494, 13.46319952369292 ], [ -85.315234849196372, 13.463190259716026 ], [ -85.314956338893154, 13.463467768058049 ], [ -85.313020450837897, 13.463454783318813 ], [ -85.31246342439654, 13.464009794018747 ], [ -85.311633757039431, 13.464004222508343 ], [ -85.311359160613137, 13.463723003212905 ], [ -85.310806049974772, 13.463719286824954 ], [ -85.310531454911214, 13.463438066771067 ], [ -85.309425235584413, 13.463430629292128 ], [ -85.309150642608131, 13.463149407952026 ], [ -85.30859753391988, 13.463145686861152 ], [ -85.308601458570294, 13.462586964580666 ], [ -85.308048351331124, 13.462583242434199 ], [ -85.308050314230499, 13.462303881364287 ], [ -85.307226545961655, 13.461460213097149 ], [ -85.307232436875637, 13.460622130150615 ], [ -85.30695588568733, 13.460620267990164 ], [ -85.306963740897189, 13.459502824130984 ], [ -85.306687191032324, 13.459500961826906 ], [ -85.306412605541141, 13.459219738318131 ], [ -85.30641653407109, 13.458661016496981 ], [ -85.304219877521419, 13.456411220680236 ], [ -85.304225776599466, 13.455573138706768 ], [ -85.303676620495096, 13.455010687654113 ] ] ] } },
{ "type": "Feature", "properties": { "fid": 928, "STRM_VAL": 1.0 }, "geometry": { "type": "MultiLineString", "coordinates": [ [ [ -85.303676620495096, 13.455010687654113 ], [ -85.303402043399629, 13.454729461782861 ] ] ] } },
{ "type": "Feature", "properties": { "fid": 929, "STRM_VAL": 1.0 }, "geometry": { "type": "MultiLineString", "coordinates": [ [ [ -85.303402043399629, 13.454729461782861 ], [ -85.301754594219929, 13.453042101727746 ], [ -85.301768374534106, 13.451086579017772 ], [ -85.300120959880843, 13.449399212106105 ], [ -85.300122929970982, 13.449119851895402 ], [ -85.300679942797885, 13.448564867206485 ], [ -85.30013080988418, 13.448002410987849 ], [ -85.29957773855169, 13.44799867418252 ], [ -85.299303173775172, 13.447717445202114 ], [ -85.298750103334882, 13.447713706655902 ], [ -85.298475539919977, 13.447432476919323 ], [ -85.295157125155967, 13.447410016984447 ] ] ] } },
{ "type": "Feature", "properties": { "fid": 935, "STRM_VAL": 1.0 }, "geometry": { "type": "MultiLineString", "coordinates": [ [ [ -85.326814063658531, 13.428624848908298 ], [ -85.326539482736351, 13.428343648085242 ], [ -85.3265433553549, 13.427784919093607 ], [ -85.325994196522188, 13.427222516888881 ], [ -85.325164649919515, 13.427217004834791 ], [ -85.325166587672513, 13.426937640514396 ], [ -85.324342858271251, 13.426094033208127 ], [ -85.324346735297851, 13.425535304747017 ], [ -85.324072160654396, 13.425254101917458 ], [ -85.323795647605138, 13.425252263025094 ], [ -85.323521073958887, 13.424971059701937 ], [ -85.322968048706386, 13.424967380481323 ], [ -85.322969988662905, 13.424688016426446 ], [ -85.322416964215051, 13.424684336073041 ], [ -85.322142392924135, 13.42440313149951 ], [ -85.322150155966284, 13.423285675665808 ], [ -85.321875586412958, 13.423004470995131 ], [ -85.321599076250877, 13.423002629996025 ], [ -85.321324507694627, 13.422721424832014 ], [ -85.319941959310555, 13.422712213975334 ], [ -85.319663506277081, 13.422989734518595 ], [ -85.319386996446738, 13.422987891095579 ], [ -85.319108542493723, 13.423265410907149 ], [ -85.318559411963605, 13.422702995544107 ], [ -85.318561356678231, 13.42242363207316 ], [ -85.318008338668932, 13.422419942659364 ], [ -85.317729884053634, 13.422697460849596 ], [ -85.317453374833391, 13.422695615345464 ], [ -85.316618006304196, 13.423528166553556 ], [ -85.316064986321024, 13.423524472579514 ], [ -85.316057194988318, 13.424641924888309 ], [ -85.315780683781213, 13.424640077287439 ], [ -85.31550222403277, 13.424917592364922 ], [ -85.315225712589353, 13.424915744118152 ], [ -85.315221814651608, 13.425474469981827 ], [ -85.314943353255913, 13.425751984234607 ], [ -85.314941403856722, 13.426031347110438 ], [ -85.314388378621857, 13.426027648782812 ], [ -85.314386428539279, 13.426307011572456 ], [ -85.314107965218284, 13.426584524657486 ], [ -85.313831452065855, 13.426582674656263 ], [ -85.3141060147275, 13.426863887394333 ], [ -85.314104064192335, 13.427143250124717 ], [ -85.313268668195064, 13.427975786765897 ], [ -85.313262813048098, 13.42881387450115 ], [ -85.312709781921697, 13.428810171738714 ], [ -85.312705876990094, 13.429368896703618 ], [ -85.312427407998214, 13.429646407220726 ], [ -85.312701971880969, 13.429927621642683 ], [ -85.312423502161053, 13.430205132067035 ], [ -85.312419596146299, 13.4307638568875 ], [ -85.312143078449921, 13.43076200446901 ], [ -85.311864607081972, 13.43103951406804 ], [ -85.3118606995222, 13.431598238690025 ], [ -85.311582226784068, 13.431875747806753 ], [ -85.31130570793411, 13.431873894318992 ], [ -85.310748759975652, 13.432428910697526 ], [ -85.310746804717155, 13.432708272819648 ], [ -85.311021369459496, 13.432989489189282 ], [ -85.31074289406682, 13.433266997044504 ], [ -85.310466373743537, 13.43326514244735 ], [ -85.310462462276007, 13.433823866566422 ] ] ] } },
{ "type": "Feature", "properties": { "fid": 936, "STRM_VAL": 1.0 }, "geometry": { "type": "MultiLineString", "coordinates": [ [ [ -85.310462462276007, 13.433823866566422 ], [ -85.309632899638288, 13.433818300715755 ], [ -85.309354421763175, 13.434095806715641 ], [ -85.309077900689445, 13.434093950482385 ], [ -85.309075943245873, 13.434373312325842 ], [ -85.308797464086382, 13.434650817546324 ], [ -85.308795506234091, 13.434930179336851 ], [ -85.308517026068131, 13.435207684121124 ], [ -85.308240503840722, 13.435205826818072 ], [ -85.307965940511153, 13.434924607547742 ], [ -85.307689418687076, 13.434922749678186 ], [ -85.307687459511271, 13.435202111302166 ], [ -85.307134415349012, 13.435198394573192 ], [ -85.306859853465653, 13.434917174249957 ], [ -85.30658333180881, 13.434915315167363 ], [ -85.306581371353971, 13.435194676631152 ], [ -85.306024405203871, 13.435749680223971 ], [ -85.306022443975849, 13.436029041588235 ], [ -85.305465474527935, 13.436584043528402 ] ] ] } },
{ "type": "Feature", "properties": { "fid": 940, "STRM_VAL": 1.0 }, "geometry": { "type": "MultiLineString", "coordinates": [ [ [ -85.391509064326385, 13.430722458417204 ], [ -85.391232535627893, 13.430720692788688 ], [ -85.390954144769523, 13.43099830034452 ], [ -85.390401086931831, 13.430994767495291 ], [ -85.39012269487155, 13.431272373982743 ], [ -85.389846165732394, 13.431270606761995 ], [ -85.389842438563747, 13.431829353400309 ], [ -85.389565908824935, 13.431827585800145 ], [ -85.389009120210133, 13.432382796074066 ], [ -85.388732589951189, 13.432381027487965 ], [ -85.388175798208209, 13.43293623553549 ], [ -85.387899267429191, 13.432934465963376 ], [ -85.38762087031462, 13.433212069066803 ], [ -85.385961684797337, 13.433201443217092 ], [ -85.385683285361154, 13.4334790438859 ], [ -85.385681416662578, 13.433758416584649 ], [ -85.384851822643057, 13.433753098426697 ], [ -85.384848083199799, 13.43431184357568 ], [ -85.384295019440458, 13.434308296467782 ], [ -85.384016616875911, 13.434585894909068 ], [ -85.38401287525889, 13.43514463979009 ], [ -85.3837344713275, 13.435422237755837 ], [ -85.383457938308325, 13.435420462987407 ], [ -85.38345606675388, 13.435699835335345 ], [ -85.383177661538014, 13.435977432528601 ], [ -85.382901127959059, 13.435975657077035 ], [ -85.382897383358184, 13.436534401587705 ], [ -85.382620849179503, 13.436532625756291 ], [ -85.382342442036801, 13.436810221790676 ], [ -85.382338695901211, 13.43736896610964 ], [ -85.382062160842864, 13.437367189556722 ], [ -85.381783752053124, 13.437644784773706 ], [ -85.381778130483525, 13.43848290095486 ], [ -85.38149971996404, 13.438760495651279 ], [ -85.380946646928351, 13.438756940038948 ], [ -85.380944771984375, 13.439036311965122 ], [ -85.380666359900133, 13.439313905546982 ], [ -85.380941021968624, 13.439595055798142 ], [ -85.38093914689685, 13.439874427704986 ], [ -85.380382319910737, 13.440429614213718 ], [ -85.380378568189172, 13.440988357829063 ], [ -85.380100153007234, 13.441265950414145 ] ] ] } },
{ "type": "Feature", "properties": { "fid": 941, "STRM_VAL": 1.0 }, "geometry": { "type": "MultiLineString", "coordinates": [ [ [ -85.380100153007234, 13.441265950414145 ], [ -85.379547074612816, 13.441262391077949 ], [ -85.379545197685601, 13.441541762754529 ], [ -85.379266780938636, 13.441819354224712 ], [ -85.378992118811368, 13.441538202127843 ], [ -85.378156864963117, 13.442370973327661 ], [ -85.377880324746286, 13.44236919153364 ], [ -85.377601905231757, 13.442646780818427 ], [ -85.377600025851322, 13.442926152194266 ], [ -85.377046944338048, 13.442922586935289 ], [ -85.376772283981978, 13.442641432589907 ], [ -85.376493862985114, 13.442919020462357 ], [ -85.376491982281962, 13.443198391678164 ], [ -85.375662359593335, 13.443193039577352 ], [ -85.375652950636294, 13.444589894983407 ], [ -85.375096100681958, 13.44514506697792 ], [ -85.375094218036722, 13.445424437950022 ] ] ] } },
{ "type": "Feature", "properties": { "fid": 942, "STRM_VAL": 1.0 }, "geometry": { "type": "MultiLineString", "coordinates": [ [ [ -85.375094218036722, 13.445424437950022 ], [ -85.375092335348697, 13.445703808915678 ], [ -85.374813908681759, 13.445981394242851 ], [ -85.37481014245175, 13.446540136065032 ], [ -85.373703964547929, 13.446532990193612 ], [ -85.373700195586011, 13.447091731682294 ], [ -85.373423650570274, 13.447089944378551 ], [ -85.373419880796945, 13.447648685764486 ], [ -85.372863018380471, 13.448203851298473 ], [ -85.37285924698412, 13.448762592478852 ], [ -85.370353327750124, 13.451260817410944 ], [ -85.370341992928047, 13.452937038368523 ], [ -85.370063552063669, 13.45321461671052 ], [ -85.370061662413391, 13.453493986802517 ], [ -85.369783220542686, 13.453771564712195 ], [ -85.368953564251811, 13.453766186362142 ], [ -85.368675120897933, 13.454043762857514 ], [ -85.368671338094131, 13.454602502610559 ], [ -85.368114448003766, 13.455157654258892 ], [ -85.36783789450682, 13.455155859763797 ], [ -85.36783600199368, 13.455435229501912 ] ] ] } },
{ "type": "Feature", "properties": { "fid": 943, "STRM_VAL": 1.0 }, "geometry": { "type": "MultiLineString", "coordinates": [ [ [ -85.36783600199368, 13.455435229501912 ], [ -85.367834109437595, 13.455714599233572 ], [ -85.367555662420955, 13.455992174044052 ], [ -85.367002553706754, 13.455988583303244 ], [ -85.367000660103727, 13.456267952906115 ], [ -85.366170996374038, 13.456262564400555 ], [ -85.365892546950789, 13.456540137066268 ], [ -85.365615992174966, 13.456538339947697 ], [ -85.365066674478356, 13.45597600614108 ] ] ] } },
{ "type": "Feature", "properties": { "fid": 944, "STRM_VAL": 1.0 }, "geometry": { "type": "MultiLineString", "coordinates": [ [ [ -85.365066674478356, 13.45597600614108 ], [ -85.363960458664906, 13.455968812507955 ], [ -85.363685802216636, 13.455687644194972 ], [ -85.362579588493006, 13.455680444641031 ], [ -85.361755627305428, 13.454836935124915 ], [ -85.361479075057986, 13.454835133681936 ], [ -85.361200622693417, 13.455112700751116 ], [ -85.360925970684576, 13.454831529884704 ], [ -85.360927871119372, 13.454552161101102 ], [ -85.360378569569875, 13.453989818734978 ], [ -85.36010201848579, 13.453988015889594 ], [ -85.360103919752007, 13.453708647202991 ], [ -85.359554622029989, 13.45314630344126 ], [ -85.359278072028289, 13.453144499801104 ], [ -85.359283778191269, 13.452306394013084 ], [ -85.358454131311618, 13.452300981619761 ], [ -85.358179485681745, 13.452019808427664 ], [ -85.357073291853212, 13.452012586592115 ], [ -85.356798648304348, 13.451731412108245 ], [ -85.356800553067927, 13.451452043836039 ], [ -85.356247457759238, 13.451448430644273 ], [ -85.356251268437489, 13.450889694236007 ], [ -85.355976627078888, 13.450608519087469 ], [ -85.35570008048667, 13.450606711849092 ], [ -85.355701986358028, 13.450327343706608 ], [ -85.355425440126623, 13.450325536203481 ], [ -85.354601522872684, 13.449482007872998 ], [ -85.354607243679482, 13.448643903815675 ], [ -85.35405415542435, 13.448640286543787 ], [ -85.353779519167176, 13.448359109537227 ], [ -85.352396801045131, 13.448350059721133 ], [ -85.352118347812592, 13.448627616528519 ], [ -85.35184180403084, 13.448625805311906 ], [ -85.351563349875946, 13.448903361388657 ], [ -85.351561439418717, 13.449182728979169 ], [ -85.351282984257352, 13.44946028462239 ], [ -85.35128107339321, 13.449739652160986 ], [ -85.350724160414416, 13.450294762192184 ], [ -85.350720337101649, 13.450853497068124 ], [ -85.350441878920549, 13.451131051410561 ], [ -85.350428493413247, 13.453086622954549 ], [ -85.349871570030686, 13.453641729837996 ], [ -85.349867743754572, 13.454200464324751 ], [ -85.349589280371106, 13.454478017093091 ], [ -85.349583539540049, 13.455316118638263 ], [ -85.345128020449692, 13.459756907923024 ], [ -85.345126100930614, 13.460036274362842 ], [ -85.344569148734323, 13.460591365938466 ], [ -85.345118422418736, 13.461153740057471 ], [ -85.344839945186337, 13.461431285857129 ], [ -85.344563387731682, 13.46142946494539 ], [ -85.344284909576118, 13.46170701001329 ] ] ] } },
{ "type": "Feature", "properties": { "fid": 945, "STRM_VAL": 1.0 }, "geometry": { "type": "MultiLineString", "coordinates": [ [ [ -85.344284909576118, 13.46170701001329 ], [ -85.343455236618979, 13.4617015444254 ], [ -85.342905966163585, 13.461139166998937 ], [ -85.342629409315862, 13.461137343999095 ], [ -85.342631331893244, 13.460857977937778 ], [ -85.342356698261142, 13.460576788644683 ] ] ] } },
{ "type": "Feature", "properties": { "fid": 946, "STRM_VAL": 1.0 }, "geometry": { "type": "MultiLineString", "coordinates": [ [ [ -85.342356698261142, 13.460576788644683 ], [ -85.342082065267249, 13.46029559911968 ], [ -85.341805509503729, 13.460293775325834 ], [ -85.341530877509427, 13.460012585304305 ], [ -85.341534724834958, 13.459453853437285 ], [ -85.34126009403235, 13.459172663249449 ], [ -85.340706985355524, 13.459169013848651 ], [ -85.340432355913848, 13.458887822899813 ], [ -85.338496479366697, 13.45887503857392 ], [ -85.336574108850883, 13.456906682482494 ], [ -85.336021006695631, 13.456903023380722 ], [ -85.335185561791434, 13.457735627702473 ], [ -85.335183631043918, 13.458014992773817 ], [ -85.334348179256409, 13.458847593456515 ], [ -85.334342383472958, 13.459685688218984 ], [ -85.33378541021176, 13.46024075311994 ], [ -85.333783477467719, 13.460520117936069 ], [ -85.332391031230912, 13.461907773147987 ], [ -85.332114474982745, 13.461905938481927 ], [ -85.331557491424206, 13.462460997155098 ], [ -85.330174708009238, 13.462451815832255 ], [ -85.328503733508171, 13.464116972203662 ], [ -85.327397500817796, 13.46410961343145 ], [ -85.326840501933972, 13.464664659691088 ], [ -85.326291268788694, 13.46410224979596 ], [ -85.325461595201062, 13.464096723877827 ], [ -85.325186980671631, 13.46381551779039 ], [ -85.324633865877232, 13.463811831796555 ], [ -85.324635809724512, 13.46353246836253 ], [ -85.324361196833607, 13.463251261548479 ], [ -85.32408269573672, 13.463528781232197 ], [ -85.32380613880494, 13.463526937211123 ], [ -85.323527636785244, 13.463804456161531 ], [ -85.321591737469348, 13.463791537098352 ], [ -85.321317128283454, 13.463510327344217 ], [ -85.31799845281526, 13.463488142558951 ] ] ] } },
{ "type": "Feature", "properties": { "fid": 953, "STRM_VAL": 1.0 }, "geometry": { "type": "MultiLineString", "coordinates": [ [ [ -85.355545442952206, 13.432725332667644 ], [ -85.354439339061273, 13.432718109426055 ], [ -85.353882476548776, 13.43327323253247 ], [ -85.353880571078378, 13.433552600796112 ], [ -85.354155192674142, 13.433833776080784 ], [ -85.354145666054862, 13.435230617464699 ], [ -85.35386913734655, 13.435228810242522 ], [ -85.353590702585549, 13.435506370896599 ], [ -85.353588796448889, 13.435785739069697 ], [ -85.353310360682514, 13.436063299290723 ], [ -85.353033831136784, 13.436061491041787 ], [ -85.352759208771147, 13.435780314439766 ], [ -85.352761115867224, 13.435500946383545 ], [ -85.351378472150444, 13.435491899462447 ], [ -85.35110003451436, 13.435769456990613 ], [ -85.350546976754487, 13.435765835414449 ], [ -85.350268537917998, 13.436043391870193 ], [ -85.349992008820109, 13.436041580284815 ], [ -85.348042917026817, 13.437984462218282 ], [ -85.347768299216511, 13.437703280630727 ], [ -85.34749176856667, 13.437701466081011 ], [ -85.34721332411776, 13.437979018451859 ], [ -85.347207582337177, 13.438817120084895 ], [ -85.346929136155808, 13.439094671931068 ], [ -85.346927221778586, 13.439374039083615 ], [ -85.347201840165198, 13.439655221659848 ], [ -85.3471980118331, 13.440213956010878 ], [ -85.34691956383476, 13.440491507629263 ], [ -85.346917649240083, 13.440770874749536 ], [ -85.346641115193933, 13.44076905885956 ], [ -85.346362665910576, 13.441046609701756 ] ] ] } },
{ "type": "Feature", "properties": { "fid": 954, "STRM_VAL": 1.0 }, "geometry": { "type": "MultiLineString", "coordinates": [ [ [ -85.346362665910576, 13.441046609701756 ], [ -85.346088047224171, 13.440765426169342 ], [ -85.346089962778649, 13.440486059166423 ], [ -85.345540727870187, 13.439923691472117 ], [ -85.344987662146806, 13.439920056589424 ], [ -85.34470921227944, 13.440197605513095 ] ] ] } },
{ "type": "Feature", "properties": { "fid": 961, "STRM_VAL": 1.0 }, "geometry": { "type": "MultiLineString", "coordinates": [ [ [ -85.273126521138153, 13.434408771304359 ], [ -85.273403037365171, 13.434410667038929 ], [ -85.273399039763348, 13.434969380264548 ], [ -85.273948077119613, 13.435531884350421 ], [ -85.274224594753463, 13.43553377933862 ], [ -85.274499114749005, 13.435815030777034 ], [ -85.275328668993311, 13.435820713134769 ], [ -85.276152236061606, 13.436664463719072 ] ] ] } },
{ "type": "Feature", "properties": { "fid": 962, "STRM_VAL": 1.0 }, "geometry": { "type": "MultiLineString", "coordinates": [ [ [ -85.363273031050412, 13.435010716101408 ], [ -85.363547666279601, 13.435291882556644 ], [ -85.363269241292542, 13.435569455185384 ], [ -85.363543877075216, 13.435850621705153 ], [ -85.363541982408435, 13.436129991269739 ], [ -85.363818513494877, 13.436131787992592 ], [ -85.364093150551511, 13.436412954047677 ], [ -85.364087468082701, 13.437251062915653 ], [ -85.363810935676526, 13.437249266341306 ], [ -85.363254080538525, 13.437804411263381 ] ] ] } },
{ "type": "Feature", "properties": { "fid": 963, "STRM_VAL": 1.0 }, "geometry": { "type": "MultiLineString", "coordinates": [ [ [ -85.363254080538525, 13.437804411263381 ], [ -85.362975652005986, 13.438081983143547 ], [ -85.362701014729694, 13.437800815836338 ], [ -85.36214794908264, 13.437797219195856 ], [ -85.362149845607064, 13.437517849863609 ], [ -85.361600574960462, 13.436955513558376 ], [ -85.360770979914776, 13.436950114851225 ], [ -85.360492549956561, 13.437227683788036 ], [ -85.360490651556148, 13.43750705289413 ], [ -85.360212220592601, 13.43778462139834 ], [ -85.359659155674166, 13.437781019297391 ], [ -85.35910229070258, 13.438336153774927 ], [ -85.358825757745436, 13.438334351585056 ], [ -85.358268889645615, 13.438889483828339 ], [ -85.357162755987915, 13.43888226929737 ], [ -85.356884319857102, 13.439159833468789 ], [ -85.357158950948801, 13.439441006493894 ], [ -85.356880514091728, 13.439718570574675 ], [ -85.356327445668114, 13.43971496064886 ], [ -85.356323638450149, 13.440273697573428 ], [ -85.354931438102327, 13.441661508286327 ], [ -85.354925721502738, 13.442499612944482 ], [ -85.354090390313871, 13.44333229431113 ], [ -85.351048474713636, 13.443312385753584 ], [ -85.350770026626364, 13.443589941666415 ], [ -85.350216951033403, 13.443586317298394 ], [ -85.349938501744958, 13.443863872138214 ], [ -85.348832349931172, 13.443856618390152 ], [ -85.348283101171802, 13.443294255199243 ], [ -85.348285014558016, 13.443014887941604 ], [ -85.348563464431493, 13.442737335020464 ], [ -85.348014218605911, 13.442174971561688 ], [ -85.347737682796748, 13.44217315668997 ], [ -85.347741510457865, 13.441614422272924 ], [ -85.347466889414719, 13.441333239996823 ], [ -85.346637285234181, 13.441327793002523 ], [ -85.346362665910576, 13.441046609701756 ] ] ] } },
{ "type": "Feature", "properties": { "fid": 978, "STRM_VAL": 1.0 }, "geometry": { "type": "MultiLineString", "coordinates": [ [ [ -85.316518646322592, 13.437775679812148 ], [ -85.315965593735569, 13.437771981775471 ], [ -85.316244069670276, 13.437494468141754 ], [ -85.316246019287973, 13.437215105331569 ], [ -85.315422293979026, 13.436371469039857 ], [ -85.315424244378889, 13.436092106323349 ], [ -85.315702718685344, 13.435814593098105 ], [ -85.315704668676773, 13.435535230328819 ], [ -85.31543009531255, 13.435254018135039 ], [ -85.313770956318379, 13.435242915258112 ], [ -85.31349248079313, 13.435520426173953 ], [ -85.313215957495046, 13.435518574289842 ], [ -85.312941387383418, 13.435237359725482 ], [ -85.312388341635113, 13.43523365452071 ], [ -85.312113772883166, 13.434952439199735 ], [ -85.311837250432973, 13.434950585879109 ], [ -85.311562682679266, 13.43466937006494 ], [ -85.311009638626857, 13.434665661987262 ], [ -85.310735072232831, 13.434384445416656 ], [ -85.310737027757995, 13.434105083333314 ], [ -85.310462462276007, 13.433823866566422 ] ] ] } },
{ "type": "Feature", "properties": { "fid": 979, "STRM_VAL": 1.0 }, "geometry": { "type": "MultiLineString", "coordinates": [ [ [ -85.400031464339577, 13.438320158233024 ], [ -85.399201848773899, 13.438314885570071 ], [ -85.398927164354575, 13.438033752987579 ], [ -85.398650626271191, 13.438031994560959 ], [ -85.398375942848503, 13.4377508614789 ], [ -85.397546329914093, 13.43774558358227 ], [ -85.397271648206939, 13.437464449469759 ], [ -85.396995111000749, 13.437462689298664 ] ] ] } },
{ "type": "Feature", "properties": { "fid": 980, "STRM_VAL": 1.0 }, "geometry": { "type": "MultiLineString", "coordinates": [ [ [ -85.396995111000749, 13.437462689298664 ], [ -85.396996967136971, 13.437183315123274 ], [ -85.396447606908467, 13.436621045728453 ], [ -85.396171070780667, 13.436619284761059 ], [ -85.395896391981566, 13.436338149447357 ], [ -85.395617998643928, 13.436615761916221 ], [ -85.394788390736039, 13.43661047537382 ], [ -85.394239037369744, 13.436048201858741 ], [ -85.393962502198747, 13.436046438540519 ], [ -85.393684107261805, 13.436324048664552 ], [ -85.392301430601165, 13.436315225816617 ], [ -85.392023033621214, 13.436592833848026 ], [ -85.391746498128057, 13.436591068027019 ], [ -85.39146810022568, 13.436868675331157 ], [ -85.391191564492132, 13.436866908865399 ], [ -85.391187838827534, 13.437425655626949 ], [ -85.39063103908677, 13.43798086821662 ], [ -85.390354502192963, 13.437979100688485 ], [ -85.390350774270374, 13.438537847170094 ], [ -85.390074236776556, 13.438536079262414 ], [ -85.38979583465786, 13.438813684206307 ], [ -85.389519296923666, 13.438811915653742 ], [ -85.389240893882459, 13.439089519870103 ], [ -85.38923902849325, 13.43936889293599 ], [ -85.388682219758905, 13.439924100121406 ], [ -85.388405680904199, 13.43992233020275 ], [ -85.388127275293215, 13.44019993287475 ], [ -85.387297658127636, 13.440194620273523 ], [ -85.38701925103382, 13.440472221534639 ], [ -85.386466172562393, 13.440468677600141 ], [ -85.385909355326874, 13.441023877597297 ], [ -85.385356275894551, 13.441020331082536 ], [ -85.385077865752848, 13.441297929818429 ], [ -85.384801325816426, 13.441296155764215 ], [ -85.384526657045186, 13.441015009034526 ], [ -85.384250117508543, 13.441013234411622 ], [ -85.383975449734493, 13.440732087183262 ], [ -85.383422371500686, 13.4407285364967 ], [ -85.383147705083672, 13.440447388504522 ], [ -85.382318089112147, 13.440442059403331 ], [ -85.381482849693384, 13.441274843444234 ], [ -85.380100153007234, 13.441265950414145 ] ] ] } },
{ "type": "Feature", "properties": { "fid": 982, "STRM_VAL": 1.0 }, "geometry": { "type": "MultiLineString", "coordinates": [ [ [ -85.300478221109273, 13.437947304660165 ], [ -85.300752777700708, 13.438228531406574 ], [ -85.30130582697187, 13.438232262969892 ], [ -85.301294023902983, 13.439908426616064 ], [ -85.302117704622944, 13.440752104506537 ] ] ] } },
{ "type": "Feature", "properties": { "fid": 983, "STRM_VAL": 1.0 }, "geometry": { "type": "MultiLineString", "coordinates": [ [ [ -85.368226011368122, 13.438674826012234 ], [ -85.367947586778115, 13.438952403913804 ], [ -85.367117982227626, 13.43894702532624 ], [ -85.366843338716819, 13.438665861892723 ], [ -85.366566804307539, 13.438664068158669 ], [ -85.366292161794092, 13.438382904227861 ], [ -85.365462559889096, 13.438377520411239 ], [ -85.365187919093501, 13.438096355453766 ], [ -85.365189812142475, 13.437816985702147 ], [ -85.363254080538525, 13.437804411263381 ] ] ] } },
{ "type": "Feature", "properties": { "fid": 984, "STRM_VAL": 1.0 }, "geometry": { "type": "MultiLineString", "coordinates": [ [ [ -85.396985829686997, 13.438859560079063 ], [ -85.396711147587951, 13.438578425309682 ], [ -85.396718573834164, 13.437460928824198 ], [ -85.396995111000749, 13.437462689298664 ] ] ] } },
{ "type": "Feature", "properties": { "fid": 988, "STRM_VAL": 1.0 }, "geometry": { "type": "MultiLineString", "coordinates": [ [ [ -85.294104346590913, 13.439859815371276 ], [ -85.29465344761401, 13.44042228120963 ], [ -85.294651472512626, 13.440701640815409 ], [ -85.294374945986291, 13.440699767542363 ], [ -85.294096443716057, 13.440977253484535 ], [ -85.294092492009312, 13.441535972502335 ], [ -85.293813988366921, 13.441813457960272 ], [ -85.293812012081403, 13.442092817412629 ], [ -85.293533507431604, 13.442370302433117 ], [ -85.292980450919259, 13.44236655267204 ], [ -85.292144931447382, 13.443199003326674 ], [ -85.29214097454296, 13.443757721675604 ], [ -85.291583956888744, 13.444312686637584 ], [ -85.291576039621134, 13.445430122882696 ], [ -85.291297528370109, 13.445707604589959 ], [ -85.289361806800088, 13.445694454727121 ], [ -85.289083292961749, 13.445971933635889 ], [ -85.28770063457624, 13.445962530051736 ] ] ] } },
{ "type": "Feature", "properties": { "fid": 991, "STRM_VAL": 1.0 }, "geometry": { "type": "MultiLineString", "coordinates": [ [ [ -85.336672430536538, 13.442659044245019 ], [ -85.336115506149767, 13.443214120228268 ], [ -85.336113578640351, 13.443493485753793 ], [ -85.335556650955382, 13.444048560090756 ], [ -85.335003578585074, 13.444044902182084 ], [ -85.334725113220784, 13.444322438081768 ], [ -85.334717395819297, 13.445439899254161 ], [ -85.333881991503659, 13.446272504070224 ], [ -85.333878130356652, 13.446831234342453 ], [ -85.333599660237994, 13.447108768411733 ], [ -85.333591935962062, 13.448226228695127 ], [ -85.334141156402211, 13.448788621081782 ], [ -85.334139225776156, 13.449067986202385 ], [ -85.334413837228894, 13.449349182081805 ] ] ] } },
{ "type": "Feature", "properties": { "fid": 992, "STRM_VAL": 1.0 }, "geometry": { "type": "MultiLineString", "coordinates": [ [ [ -85.312335573872645, 13.442776434274606 ], [ -85.312337528811469, 13.442497072145548 ], [ -85.31069008288739, 13.440809771549437 ], [ -85.310137025012963, 13.440806059893578 ], [ -85.309862453645451, 13.440524841795815 ], [ -85.308479811498216, 13.440515556029689 ], [ -85.308205242576079, 13.440234336385107 ], [ -85.3062695478568, 13.440221321726682 ], [ -85.305712568032448, 13.440776322957365 ], [ -85.305710605682251, 13.44105568416515 ], [ -85.305157548672568, 13.441051961506803 ], [ -85.304879056876004, 13.441329460803574 ], [ -85.30349641369439, 13.441320147130584 ], [ -85.302660930278805, 13.442152637527167 ] ] ] } },
{ "type": "Feature", "properties": { "fid": 998, "STRM_VAL": 1.0 }, "geometry": { "type": "MultiLineString", "coordinates": [ [ [ -85.281626904776232, 13.44452427617871 ], [ -85.28079134239168, 13.445356683395385 ], [ -85.280783374481089, 13.446474113212098 ] ] ] } },
{ "type": "Feature", "properties": { "fid": 1003, "STRM_VAL": 1.0 }, "geometry": { "type": "MultiLineString", "coordinates": [ [ [ -85.324740711999155, 13.448446833317757 ], [ -85.324187632604875, 13.448443150468728 ], [ -85.323909150543116, 13.448720672253232 ], [ -85.323079530926066, 13.448715144673052 ], [ -85.322522563201488, 13.449270185014345 ], [ -85.3222460228546, 13.449268341193875 ], [ -85.321967537749174, 13.449545860437071 ], [ -85.32058483524321, 13.449536635064051 ], [ -85.320306348101425, 13.44981415220111 ], [ -85.320304401292205, 13.450093515317143 ], [ -85.3208535908974, 13.450655933514913 ], [ -85.320575102576896, 13.45093345081054 ], [ -85.320567315648304, 13.452050903291312 ], [ -85.319461142864071, 13.452043516097111 ], [ -85.319186548171231, 13.451762305627641 ], [ -85.318910005440671, 13.451760457806019 ], [ -85.318631513711779, 13.452037972512949 ], [ -85.318629564627699, 13.452317335338689 ], [ -85.318904159149, 13.452598546402564 ], [ -85.318625666326753, 13.452876060970766 ], [ -85.318900261400032, 13.453157272101247 ], [ -85.318343273654449, 13.453712300662945 ], [ -85.31833742451218, 13.454550388884963 ], [ -85.317780432006614, 13.45510541561011 ], [ -85.31805502820248, 13.455386627798909 ], [ -85.3180530779468, 13.455665990467446 ], [ -85.317774580278709, 13.45594350349633 ], [ -85.317768728152345, 13.456781591324312 ], [ -85.317490228747147, 13.457059103824552 ], [ -85.316107486331447, 13.457049848787062 ], [ -85.315550482803403, 13.457604869181742 ], [ -85.315273933887596, 13.45760301657562 ], [ -85.314995430879733, 13.457880525844356 ], [ -85.314165783545931, 13.457874965172211 ], [ -85.313891189933017, 13.457593748988087 ], [ -85.313338092642752, 13.457590039826513 ], [ -85.313063500391834, 13.457308822884121 ], [ -85.312786952171209, 13.45730696758376 ], [ -85.31278890877887, 13.457027605711286 ], [ -85.312514317803831, 13.456746388308034 ], [ -85.312516274642988, 13.456467026462533 ], [ -85.311967095158465, 13.455904591031761 ], [ -85.311969052504992, 13.455625229246698 ], [ -85.311694463995408, 13.455344011219237 ], [ -85.310588281165963, 13.455336583238118 ], [ -85.310031270868947, 13.455891590442292 ], [ -85.30975472470881, 13.455889732000216 ], [ -85.309480138819623, 13.455608511829013 ], [ -85.308097410455886, 13.455599213743652 ], [ -85.307822827014903, 13.455317992023584 ], [ -85.306716646524677, 13.455310547033115 ], [ -85.306442065169932, 13.455029324028169 ], [ -85.303676620495096, 13.455010687654113 ] ] ] } },
{ "type": "Feature", "properties": { "fid": 1022, "STRM_VAL": 1.0 }, "geometry": { "type": "MultiLineString", "coordinates": [ [ [ -85.33077622247896, 13.455471378912174 ], [ -85.330497738004794, 13.455748907783631 ] ] ] } },
{ "type": "Feature", "properties": { "fid": 1026, "STRM_VAL": 1.0 }, "geometry": { "type": "MultiLineString", "coordinates": [ [ [ -85.420088892601939, 13.458283391247603 ], [ -85.420092557246164, 13.457724637517702 ], [ -85.419268366341839, 13.456881293253749 ], [ -85.419270199438003, 13.456601916471998 ], [ -85.41899547069184, 13.456320801277327 ], [ -85.418718908930188, 13.456319062567026 ], [ -85.418169454071361, 13.455756830938544 ], [ -85.418174956580003, 13.454918700945644 ], [ -85.417345276569407, 13.454913481730369 ], [ -85.416521104810656, 13.454070130404119 ], [ -85.415967987155796, 13.454066647810384 ], [ -85.415418543944853, 13.453504411351297 ], [ -85.414865427884379, 13.453500926477375 ], [ -85.414587031829114, 13.453778559800629 ], [ -85.414310473576506, 13.45377681656676 ], [ -85.414035754087408, 13.453495696888309 ], [ -85.414037592770043, 13.453216320741051 ], [ -85.413484477741903, 13.453212832904613 ], [ -85.413209759888375, 13.452931712489669 ], [ -85.412933202792601, 13.45292996784962 ], [ -85.412654805493688, 13.453207598871828 ], [ -85.412101690857611, 13.453204107997887 ], [ -85.412107213381006, 13.452365980305943 ], [ -85.41183065708266, 13.452364234526065 ], [ -85.411555942221653, 13.452083112607415 ], [ -85.411002830461712, 13.452079619604186 ], [ -85.411004672458517, 13.451800243837884 ], [ -85.41045524664527, 13.45123799829344 ], [ -85.410176848989565, 13.451515626508 ], [ -85.408794074068695, 13.451506884505273 ], [ -85.408244654564797, 13.450944634765957 ], [ -85.406308776360973, 13.450932379482074 ], [ -85.4060303748537, 13.451210002620329 ], [ -85.40575382070115, 13.451208250309305 ], [ -85.405475418269972, 13.451485872720571 ], [ -85.404922309521382, 13.451482366504571 ], [ -85.404920460520884, 13.451761741448658 ] ] ] } },
{ "type": "Feature", "properties": { "fid": 1027, "STRM_VAL": 1.0 }, "geometry": { "type": "MultiLineString", "coordinates": [ [ [ -85.404920460520884, 13.451761741448658 ], [ -85.404642056522718, 13.452039362747252 ], [ -85.402153063695948, 13.452023566328592 ] ] ] } },
{ "type": "Feature", "properties": { "fid": 1028, "STRM_VAL": 1.0 }, "geometry": { "type": "MultiLineString", "coordinates": [ [ [ -85.402153063695948, 13.452023566328592 ], [ -85.400770291284644, 13.452014779910369 ], [ -85.400491882712259, 13.452292396042129 ], [ -85.398556001030997, 13.45228007990953 ], [ -85.398281303434004, 13.451998945223536 ], [ -85.397175087640051, 13.451991899688389 ], [ -85.396896675418574, 13.452269511379358 ], [ -85.39579045913564, 13.452262459618197 ], [ -85.395512045148493, 13.452540069556479 ], [ -85.394958936683565, 13.45253654117022 ], [ -85.39468424348685, 13.452255402997549 ], [ -85.39440768967377, 13.452253638083091 ], [ -85.394409550928046, 13.451974264590675 ], [ -85.393303337353544, 13.451967202047681 ] ] ] } },
{ "type": "Feature", "properties": { "fid": 1029, "STRM_VAL": 1.0 }, "geometry": { "type": "MultiLineString", "coordinates": [ [ [ -85.393303337353544, 13.451967202047681 ], [ -85.392473677589436, 13.451961901951487 ], [ -85.392198988188127, 13.451680761450579 ], [ -85.391092777165269, 13.451673689341099 ], [ -85.39026871710837, 13.45083026324647 ], [ -85.390270582954614, 13.450550890292362 ], [ -85.38999589782253, 13.450269747824519 ], [ -85.389166245253307, 13.450264437480646 ], [ -85.388891561838989, 13.449983293982195 ], [ -85.388061910707947, 13.44997798010869 ], [ -85.387783491767252, 13.450255580834176 ], [ -85.387506941189514, 13.450253808593885 ], [ -85.387232259935317, 13.449972663502249 ], [ -85.386953840153538, 13.450250263202298 ], [ -85.386404479723083, 13.449687971723248 ], [ -85.385851380286738, 13.449684424055068 ], [ -85.385302023847586, 13.4491221305792 ], [ -85.385025474909355, 13.449120355758739 ], [ -85.384750798006465, 13.448839208404847 ], [ -85.384754541869825, 13.448280463925931 ], [ -85.384479866159936, 13.447999316401933 ], [ -85.383926771124052, 13.447995764941362 ], [ -85.383652096771954, 13.447714616652997 ], [ -85.383375549673957, 13.447712840201929 ], [ -85.383100876319588, 13.447431691414636 ], [ -85.383104623599309, 13.446872947330062 ], [ -85.382280609027276, 13.446029499757952 ], [ -85.382004064049696, 13.44602772201852 ], [ -85.381729394160899, 13.445746572095574 ], [ -85.381450974214445, 13.446024165628959 ], [ -85.380621339761461, 13.446018828767897 ], [ -85.379797337408803, 13.445175374320074 ], [ -85.379799214570298, 13.444896002688946 ], [ -85.379522671232976, 13.444894222370779 ], [ -85.378973340793792, 13.444331917772303 ], [ -85.37869491986028, 13.444609508110878 ], [ -85.3784202556796, 13.44432835516465 ], [ -85.377590628308781, 13.444323008976758 ], [ -85.377312205975343, 13.444600597605858 ], [ -85.376482578125348, 13.444595247660503 ], [ -85.376204154309335, 13.444872834877046 ], [ -85.37565106871665, 13.444869266045275 ], [ -85.375094218036722, 13.445424437950022 ] ] ] } },
{ "type": "Feature", "properties": { "fid": 1030, "STRM_VAL": 1.0 }, "geometry": { "type": "MultiLineString", "coordinates": [ [ [ -85.405152634277712, 13.45846849237723 ], [ -85.40487792192279, 13.458187363384519 ], [ -85.404879771888858, 13.457907988588618 ], [ -85.404605060450621, 13.457626859392381 ], [ -85.404610610932167, 13.456788735059909 ], [ -85.404335900967368, 13.456507605722791 ], [ -85.404339601635186, 13.455948856198201 ], [ -85.404064892865279, 13.455667726688947 ], [ -85.404068593921821, 13.45510897720121 ], [ -85.403792035561111, 13.455107222235632 ], [ -85.403517328345771, 13.45482609228827 ], [ -85.403519179409685, 13.454546717603828 ], [ -85.403242621768513, 13.454544962106223 ], [ -85.403250026885246, 13.453427463455117 ], [ -85.402151211408892, 13.452302940882081 ], [ -85.402153063695948, 13.452023566328592 ] ] ] } },
{ "type": "Feature", "properties": { "fid": 1031, "STRM_VAL": 1.0 }, "geometry": { "type": "MultiLineString", "coordinates": [ [ [ -85.289272570684346, 13.458265590493093 ], [ -85.28928645784552, 13.456310081346743 ], [ -85.289564984917419, 13.45603260383095 ], [ -85.289584816239497, 13.453239018315884 ] ] ] } },
{ "type": "Feature", "properties": { "fid": 1032, "STRM_VAL": 1.0 }, "geometry": { "type": "MultiLineString", "coordinates": [ [ [ -85.289584816239497, 13.453239018315884 ], [ -85.289608607884404, 13.449886714842631 ], [ -85.289887126278302, 13.44960923590302 ], [ -85.289893072081441, 13.448771159748153 ], [ -85.290171588737024, 13.448493680276771 ] ] ] } },
{ "type": "Feature", "properties": { "fid": 1033, "STRM_VAL": 1.0 }, "geometry": { "type": "MultiLineString", "coordinates": [ [ [ -85.396852061833414, 13.4589744814627 ], [ -85.396577359719984, 13.4586933444262 ], [ -85.396581079003468, 13.458134597124038 ], [ -85.396304518185858, 13.458132833538896 ], [ -85.395480418424341, 13.457289420414121 ], [ -85.395482279157719, 13.457010046885827 ], [ -85.395207580791762, 13.456728908740345 ], [ -85.395209441761054, 13.45644953523713 ], [ -85.394660047499855, 13.455887258306252 ], [ -85.394665631822917, 13.45504913794708 ], [ -85.394390936483759, 13.454767999224826 ], [ -85.394396521260731, 13.453929878902255 ], [ -85.393290298718512, 13.453922815295257 ], [ -85.393294024254246, 13.453364068685323 ], [ -85.393572441573838, 13.453086461614037 ], [ -85.393578028472618, 13.452248341517421 ], [ -85.393303337353544, 13.451967202047681 ] ] ] } },
{ "type": "Feature", "properties": { "fid": 1036, "STRM_VAL": 1.0 }, "geometry": { "type": "MultiLineString", "coordinates": [ [ [ -85.384122762369046, 13.460010538426518 ], [ -85.38413025929114, 13.458893050780459 ], [ -85.383853699302136, 13.458891273407302 ], [ -85.383579014118112, 13.458610123879113 ], [ -85.383302454529399, 13.458608345936472 ], [ -85.383027770343944, 13.458327195908854 ], [ -85.381921533830138, 13.458320080037344 ], [ -85.381646851724398, 13.458038928713639 ], [ -85.38109373442812, 13.45803536842366 ], [ -85.381097489427461, 13.457476625365082 ], [ -85.380548129683191, 13.456914321081813 ], [ -85.380269694102324, 13.457191911457123 ], [ -85.37999501527004, 13.456910758667657 ], [ -85.379441901016989, 13.456907195038227 ], [ -85.379167223543647, 13.456626041484196 ], [ -85.379170982601877, 13.456067298897652 ], [ -85.378064758580848, 13.456060167238059 ], [ -85.377515409542426, 13.45549785743354 ], [ -85.376962299214014, 13.455494288719347 ], [ -85.376687626372728, 13.45521313293612 ], [ -85.375581407638947, 13.455205990800897 ], [ -85.375306736877462, 13.454924833722854 ], [ -85.375310504392473, 13.454366092133903 ], [ -85.375588941387747, 13.454088507469251 ], [ -85.37559082471806, 13.453809136620208 ], [ -85.375041486608481, 13.453246822550652 ], [ -85.373382173646334, 13.453236098204794 ], [ -85.373103735499299, 13.453513680266562 ], [ -85.373094304220615, 13.454910532748741 ], [ -85.372815863614804, 13.455188114198609 ], [ -85.372262755292184, 13.455184535232869 ], [ -85.371705871030315, 13.455739695601761 ], [ -85.371429316369102, 13.45573790497863 ], [ -85.371150872993141, 13.456015484239837 ], [ -85.370597763231288, 13.456011901397565 ], [ -85.370595873792709, 13.456291271502142 ], [ -85.370317428850015, 13.456568849646336 ], [ -85.370040873429048, 13.456567057388604 ], [ -85.369762427562918, 13.456844634803057 ], [ -85.369487762707919, 13.456563471961726 ], [ -85.368934652147914, 13.456559885319637 ], [ -85.368385325794705, 13.45599755787685 ], [ -85.368387217753096, 13.45571818807443 ], [ -85.368112555810953, 13.455437024035621 ], [ -85.36783600199368, 13.455435229501912 ] ] ] } },
{ "type": "Feature", "properties": { "fid": 1037, "STRM_VAL": 1.0 }, "geometry": { "type": "MultiLineString", "coordinates": [ [ [ -85.367525369867508, 13.460462088151479 ], [ -85.367250704291195, 13.460180922770288 ], [ -85.366974145148376, 13.460179126668502 ], [ -85.366699480571128, 13.459897960788972 ], [ -85.366707058242042, 13.458780482829004 ], [ -85.366432395412744, 13.458499316845186 ], [ -85.366155838313546, 13.458497520063652 ], [ -85.365331854736922, 13.457654019918728 ], [ -85.36533754182841, 13.456815911883359 ], [ -85.365062882744496, 13.456534744799159 ], [ -85.365066674478356, 13.45597600614108 ] ] ] } },
{ "type": "Feature", "properties": { "fid": 1053, "STRM_VAL": 1.0 }, "geometry": { "type": "MultiLineString", "coordinates": [ [ [ -85.342610181142675, 13.463931004256683 ], [ -85.342888663888431, 13.463653461612749 ], [ -85.342890586537905, 13.463374095570412 ], [ -85.342615950052689, 13.463092906247299 ], [ -85.342617872935449, 13.462813540231238 ], [ -85.341793968140337, 13.461969970968363 ], [ -85.341799739018427, 13.461131873176193 ], [ -85.342356698261142, 13.460576788644683 ] ] ] } },
{ "type": "Feature", "properties": { "fid": 1056, "STRM_VAL": 1.0 }, "geometry": { "type": "MultiLineString", "coordinates": [ [ [ -85.353663063506858, 13.465400540546041 ], [ -85.35172712163066, 13.465387852037226 ], [ -85.350891691761063, 13.466220510919452 ], [ -85.350062000477848, 13.466215065339876 ], [ -85.349512703812067, 13.465652699580493 ], [ -85.349518449465023, 13.464814598752636 ], [ -85.349241887469915, 13.46481278253864 ], [ -85.348967241287454, 13.464531599143225 ], [ -85.348690679694485, 13.464529782360323 ], [ -85.348698343629508, 13.463412314942204 ], [ -85.34842178335947, 13.463410498011616 ], [ -85.348147139646372, 13.463129313984533 ], [ -85.347870579778487, 13.463127496485134 ], [ -85.34759593706508, 13.462846311960957 ], [ -85.347319377599348, 13.462844493892762 ], [ -85.347040900419785, 13.463122042163254 ], [ -85.34676625879041, 13.46284085684456 ], [ -85.345660021662766, 13.462833579100922 ], [ -85.345385382117186, 13.462552392490849 ], [ -85.345106903344188, 13.462829938405489 ], [ -85.344830344246233, 13.462828117601862 ], [ -85.344555705784828, 13.462546930197457 ], [ -85.344559546845389, 13.461988197584352 ], [ -85.344284909576118, 13.46170701001329 ] ] ] } },
{ "type": "Feature", "properties": { "fid": 1057, "STRM_VAL": 1.0 }, "geometry": { "type": "MultiLineString", "coordinates": [ [ [ -85.291711942698839, 13.46526647885087 ], [ -85.291986515043675, 13.465547717076264 ], [ -85.29226306973186, 13.46554959637219 ], [ -85.292541605801773, 13.465272116617431 ], [ -85.293371269284421, 13.465277751648348 ], [ -85.293928337822734, 13.46472278889914 ], [ -85.294204891844558, 13.464724665946214 ], [ -85.294483424869654, 13.46444718364056 ], [ -85.294759978655264, 13.464449060039385 ], [ -85.295038510758218, 13.464171576998325 ], [ -85.295042467174, 13.463612858706986 ] ] ] } },
{ "type": "Feature", "properties": { "fid": 1058, "STRM_VAL": 1.0 }, "geometry": { "type": "MultiLineString", "coordinates": [ [ [ -85.295042467174, 13.463612858706986 ], [ -85.294765914307774, 13.463610982733126 ], [ -85.294767892768832, 13.463331623618076 ], [ -85.295046423410298, 13.463054140389724 ], [ -85.294222703762912, 13.462210434637063 ], [ -85.294224682640461, 13.461931075570305 ], [ -85.294503212011847, 13.461653592796303 ], [ -85.293954069148029, 13.461091121808746 ], [ -85.293956048166422, 13.460811762756423 ], [ -85.293681477967183, 13.460530526952093 ], [ -85.293128379748197, 13.460526772549478 ], [ -85.293134319282814, 13.459688695697531 ], [ -85.293412846844689, 13.459411213925641 ], [ -85.293416805579213, 13.458852495898226 ], [ -85.293142238033397, 13.458571259804215 ], [ -85.293146197139137, 13.458012541818674 ], [ -85.291773371732987, 13.456606358245342 ], [ -85.29177535259538, 13.45632699941244 ], [ -85.291500789703122, 13.456045762043395 ], [ -85.291502770795887, 13.455766403237956 ], [ -85.290953647475447, 13.455203927879632 ], [ -85.290957610627288, 13.45464521038509 ], [ -85.289584816239497, 13.453239018315884 ] ] ] } },
{ "type": "Feature", "properties": { "fid": 1064, "STRM_VAL": 1.0 }, "geometry": { "type": "MultiLineString", "coordinates": [ [ [ -85.415050062636439, 13.467471475718789 ], [ -85.415606888473988, 13.466916211627645 ], [ -85.415883461985061, 13.46691795510438 ], [ -85.416440284684143, 13.466362688788172 ], [ -85.416449472853429, 13.464965807781743 ], [ -85.416174739337862, 13.464684688992309 ], [ -85.416178414871595, 13.464125936606685 ], [ -85.41590368255244, 13.463844817643801 ], [ -85.41591103423508, 13.462727312919371 ], [ -85.415357896870034, 13.46272382678645 ], [ -85.414533709248317, 13.461880467258732 ], [ -85.413150871916812, 13.461871742610221 ], [ -85.41287614578512, 13.46159062096479 ], [ -85.412877986960353, 13.461311245154478 ], [ -85.412324853662668, 13.461307752709732 ], [ -85.41150068209285, 13.460464384856992 ], [ -85.411504367272101, 13.459905633554063 ], [ -85.411229645249634, 13.459624510528355 ], [ -85.411240701455682, 13.457948256651797 ], [ -85.41096598174326, 13.457667133577836 ], [ -85.410689419515435, 13.457665385868662 ], [ -85.410693105780894, 13.457106634662438 ], [ -85.410143670104361, 13.456544387401419 ], [ -85.41014735731666, 13.455985636294095 ], [ -85.409870797129003, 13.455983887899077 ], [ -85.409046651150589, 13.455140514633388 ], [ -85.409048495849802, 13.454861139201256 ], [ -85.408218819720517, 13.454855889910826 ], [ -85.408228047393209, 13.453459013218293 ], [ -85.407403915406093, 13.452615636005062 ], [ -85.407405761650082, 13.452336260740921 ], [ -85.407131052542056, 13.452055134564764 ], [ -85.405471721508007, 13.452044622753228 ], [ -85.405197015195725, 13.451763494746245 ], [ -85.404920460520884, 13.451761741448658 ] ] ] } },
{ "type": "Feature", "properties": { "fid": 1070, "STRM_VAL": 1.0 }, "geometry": { "type": "MultiLineString", "coordinates": [ [ [ -85.394839766826379, 13.470416435723402 ], [ -85.39484163018632, 13.470137062574187 ], [ -85.394017499925596, 13.469293641392968 ], [ -85.394019364078616, 13.469014268331911 ], [ -85.393744655547764, 13.468733127500549 ], [ -85.393746519936911, 13.468453754464591 ], [ -85.393471812323241, 13.468172613430241 ], [ -85.39347554153143, 13.46761386740207 ], [ -85.392922399012136, 13.467610330658013 ], [ -85.392926129333759, 13.467051584756105 ], [ -85.392102015827419, 13.466208159028712 ], [ -85.391548876911742, 13.466204619624403 ], [ -85.390999472542205, 13.465642333570157 ], [ -85.390722903864727, 13.465640562880001 ], [ -85.390173502770367, 13.465078275356507 ], [ -85.386301555555818, 13.465053446326509 ], [ -85.386303428051093, 13.464774074235162 ], [ -85.386026861012326, 13.464772298491109 ], [ -85.385748420877022, 13.465049894458021 ], [ -85.385195286357785, 13.465046341373489 ], [ -85.384916845017315, 13.46532393626911 ], [ -85.384914970834117, 13.465603308156567 ], [ -85.384636528486752, 13.465880902620624 ], [ -85.384359960405021, 13.465879124899651 ], [ -85.38408151713314, 13.466156718634524 ], [ -85.383528380528105, 13.466153161595946 ], [ -85.383524628657881, 13.466711904943379 ], [ -85.38214178463825, 13.466703006643687 ], [ -85.381863338031508, 13.466980597506042 ], [ -85.381310200142181, 13.466977035373148 ], [ -85.381031752330273, 13.467254625163719 ] ] ] } },
{ "type": "Feature", "properties": { "fid": 1071, "STRM_VAL": 1.0 }, "geometry": { "type": "MultiLineString", "coordinates": [ [ [ -85.381031752330273, 13.467254625163719 ], [ -85.38020204495443, 13.467249278656867 ], [ -85.379366695129733, 13.468082042624186 ], [ -85.379090125242669, 13.468080258819896 ], [ -85.378811673732656, 13.468357845692148 ], [ -85.377981963470035, 13.468352491427467 ], [ -85.377703510474277, 13.468630076885079 ], [ -85.376044089348099, 13.468619358090526 ], [ -85.376042204392945, 13.468898728674327 ], [ -85.375763748706419, 13.469176311644741 ], [ -85.375487178057924, 13.469174523733713 ], [ -85.375208721446853, 13.469452105974165 ], [ -85.374379008900647, 13.469446739388806 ], [ -85.374100550803973, 13.469724320214102 ], [ -85.373825867404037, 13.469443160144694 ], [ -85.373547408746333, 13.469720740284824 ], [ -85.372441125113426, 13.469713576776906 ], [ -85.372162664689725, 13.469991155159038 ], [ -85.369120384933865, 13.469971426653698 ], [ -85.368841920781307, 13.470249000878789 ], [ -85.368012208125421, 13.470243612962706 ], [ -85.367737532110937, 13.469962446986582 ], [ -85.367460961667319, 13.469960650140807 ], [ -85.367186286652654, 13.469679483665859 ], [ -85.366356576647092, 13.469674090507432 ], [ -85.366352783902741, 13.470232828919238 ], [ -85.366074316582797, 13.470510399671788 ], [ -85.364138321531129, 13.470497802050604 ], [ -85.363863650294206, 13.470216632325856 ], [ -85.363033939818891, 13.470211227987235 ], [ -85.362755469135422, 13.470488794625965 ], [ -85.362478898777638, 13.470486992228663 ], [ -85.362200427169853, 13.470764558136453 ], [ -85.362192821576869, 13.471882032508702 ], [ -85.362469393497847, 13.471883835403872 ], [ -85.36274406459475, 13.472165006649274 ], [ -85.362742163687116, 13.472444375297203 ], [ -85.362463689812657, 13.472721941231434 ], [ -85.362461788498052, 13.473001309827696 ], [ -85.363014935027493, 13.473004915015462 ], [ -85.363289607957526, 13.473286085859074 ], [ -85.363285807037514, 13.473844823251689 ], [ -85.363562381365739, 13.473846625201279 ], [ -85.363837055851377, 13.474127795610713 ], [ -85.363835155925273, 13.474407164368294 ], [ -85.364109831327625, 13.474688334576728 ] ] ] } },
{ "type": "Feature", "properties": { "fid": 1072, "STRM_VAL": 1.0 }, "geometry": { "type": "MultiLineString", "coordinates": [ [ [ -85.364109831327625, 13.474688334576728 ], [ -85.36383135594383, 13.474965901864074 ], [ -85.363554780291892, 13.474964100063824 ], [ -85.363552879915744, 13.475243468763301 ], [ -85.362995925926583, 13.475798601397306 ], [ -85.362442772980842, 13.475794995434759 ], [ -85.362440871192021, 13.476074363959908 ], [ -85.361883912775994, 13.47662949357875 ], [ -85.361330758228917, 13.476625884949616 ], [ -85.36105227749357, 13.476903448490589 ], [ -85.35994596776402, 13.476896226208872 ], [ -85.359667485262847, 13.477173787989251 ], [ -85.358837752550272, 13.477168367053807 ], [ -85.358563081514149, 13.476887191510571 ], [ -85.358286504385831, 13.476885383658091 ], [ -85.358290317805185, 13.476326647803974 ], [ -85.358568800615728, 13.476049087603169 ], [ -85.358570706896501, 13.475769719621107 ], [ -85.358021368962625, 13.475207368094477 ], [ -85.357744793840595, 13.475205559866575 ], [ -85.357195459185604, 13.474643206877216 ], [ -85.35720118206217, 13.473805103397426 ], [ -85.356648035310428, 13.473801485200763 ], [ -85.356369553450804, 13.474079043362554 ], [ -85.355816406301159, 13.474075423262905 ], [ -85.355537923236923, 13.474352980350032 ], [ -85.355536013643288, 13.474632347936829 ], [ -85.351940553322677, 13.4746087826618 ], [ -85.351662065608394, 13.474886334853784 ], [ -85.35138549174242, 13.474884519667588 ], [ -85.350828513820773, 13.475439622198989 ], [ -85.350275365090766, 13.475435989540948 ], [ -85.349726049402392, 13.474873622161777 ], [ -85.349727965776495, 13.474594255399982 ], [ -85.349453309168126, 13.474313071394073 ], [ -85.348623590595878, 13.474307617855908 ], [ -85.348348935711272, 13.47402643282202 ], [ -85.347795790923712, 13.474022795078637 ], [ -85.347521137401287, 13.473741609282024 ], [ -85.346967993500328, 13.473737969791657 ], [ -85.346693341340057, 13.473456783232415 ], [ -85.346416769812492, 13.473454962765874 ], [ -85.346142118652764, 13.473173775709153 ], [ -85.345865547527708, 13.473171954673377 ], [ -85.345587055475008, 13.47344949954114 ], [ -85.345033912787784, 13.473445855870397 ], [ -85.344755419531083, 13.473723399662534 ], [ -85.344480770264141, 13.473442210982917 ], [ -85.344204199063682, 13.473440388082901 ], [ -85.343647210226848, 13.473995473218006 ], [ -85.343370638507594, 13.473993649327056 ], [ -85.343092142842963, 13.474271190967654 ], [ -85.342817495191952, 13.473990000632567 ], [ -85.341987780525642, 13.473984525309371 ], [ -85.341430785753744, 13.474539604767282 ], [ -85.340877641728497, 13.474535951657071 ], [ -85.340873788404707, 13.475094682668542 ], [ -85.340595288763737, 13.475372221035377 ], [ -85.340042143059648, 13.475368565864311 ], [ -85.339763642214734, 13.475646103154919 ], [ -85.339487069144425, 13.475644274769538 ], [ -85.339485140725472, 13.47592364005626 ], [ -85.339759785974792, 13.476204833800464 ], [ -85.338645773234944, 13.477314978703872 ], [ -85.338096484053551, 13.476752588601109 ], [ -85.336990187870612, 13.476745265303295 ], [ -85.336711682125141, 13.477022798585814 ], [ -85.336158533720749, 13.477019134424131 ], [ -85.335880026771378, 13.477296666629949 ], [ -85.335878093918723, 13.477576031366523 ], [ -85.335601519177573, 13.477574198446275 ], [ -85.335044502056633, 13.478129260910375 ], [ -85.334491351578819, 13.478125592782353 ] ] ] } },
{ "type": "Feature", "properties": { "fid": 1073, "STRM_VAL": 1.0 }, "geometry": { "type": "MultiLineString", "coordinates": [ [ [ -85.334491351578819, 13.478125592782353 ], [ -85.333385051117162, 13.478118252874864 ], [ -85.333110412253887, 13.477837052807716 ], [ -85.333118156411743, 13.476719595424733 ], [ -85.332843519295452, 13.476438395257576 ], [ -85.332566946290612, 13.476436559148109 ], [ -85.3314684056636, 13.475311755102302 ], [ -85.331472280890125, 13.474753026780707 ], [ -85.33092301551784, 13.47419062349933 ], [ -85.329263595238658, 13.474179591397048 ], [ -85.32898896568318, 13.473898387820766 ], [ -85.328435826644522, 13.473894707490507 ], [ -85.327886570898471, 13.473332298584689 ], [ -85.326227159119426, 13.473321247118268 ], [ -85.325403286809419, 13.47247762726094 ], [ -85.325405231061652, 13.472198263908714 ], [ -85.325962252431097, 13.471643223573304 ], [ -85.325413007629763, 13.471080810435057 ], [ -85.324859876080922, 13.471077122988573 ], [ -85.324585255362507, 13.47079591554345 ], [ -85.32403212470345, 13.470792226351564 ], [ -85.323757505347942, 13.470511018146222 ], [ -85.322921970002042, 13.471343570367523 ], [ -85.32209227289718, 13.471338030411442 ], [ -85.321817655523546, 13.471056820288661 ], [ -85.321541090267033, 13.471054972763982 ], [ -85.319618789069466, 13.469086493582088 ], [ -85.3196207395263, 13.468807130985617 ], [ -85.319071516913013, 13.468244706349244 ], [ -85.319081271297406, 13.466847893602639 ] ] ] } },
{ "type": "Feature", "properties": { "fid": 1074, "STRM_VAL": 1.0 }, "geometry": { "type": "MultiLineString", "coordinates": [ [ [ -85.319081271297406, 13.466847893602639 ], [ -85.319083222041556, 13.466568531033889 ], [ -85.319361732173618, 13.466291018044332 ], [ -85.319638291647294, 13.466292867325999 ], [ -85.319651940820009, 13.464337328561475 ], [ -85.319377333615577, 13.464056116891346 ], [ -85.319100776747803, 13.464054267623805 ], [ -85.318826170543744, 13.463773055458592 ], [ -85.318273057656896, 13.463769355483333 ], [ -85.31799845281526, 13.463488142558951 ] ] ] } },
{ "type": "Feature", "properties": { "fid": 1089, "STRM_VAL": 1.0 }, "geometry": { "type": "MultiLineString", "coordinates": [ [ [ -85.385705327010754, 13.471475449021026 ], [ -85.385428752355807, 13.471473671752218 ], [ -85.385154052496063, 13.471192522389133 ], [ -85.384600904027181, 13.471188966407139 ], [ -85.384602779381453, 13.470909594687001 ], [ -85.383773057939777, 13.470904258547545 ], [ -85.382948968438299, 13.470060805159944 ], [ -85.382672395786329, 13.47005902504085 ], [ -85.382123006700837, 13.469496721080402 ], [ -85.382128640529245, 13.468658606817174 ], [ -85.381029873360433, 13.46753399647036 ], [ -85.381031752330273, 13.467254625163719 ] ] ] } },
{ "type": "Feature", "properties": { "fid": 1109, "STRM_VAL": 1.0 }, "geometry": { "type": "MultiLineString", "coordinates": [ [ [ -85.375987522096764, 13.477000472794808 ], [ -85.375710942426053, 13.4769986841119 ], [ -85.375716601845355, 13.476160573018392 ], [ -85.375441909885865, 13.475879413807515 ], [ -85.37544756975457, 13.475041302751784 ], [ -85.374617837841924, 13.475035934771908 ], [ -85.37434314843874, 13.474754774625781 ], [ -85.373789994753182, 13.474751193919799 ], [ -85.37351530671107, 13.474470033008394 ], [ -85.371302696465349, 13.474455695889471 ], [ -85.371024228737866, 13.474733272136046 ], [ -85.37074765235765, 13.474731478284404 ], [ -85.370469183705325, 13.475009053800417 ], [ -85.369916030504584, 13.475005464498864 ], [ -85.369641347239494, 13.474724299835552 ], [ -85.369362877464965, 13.475001873980373 ], [ -85.368256571869395, 13.474994689292572 ], [ -85.367981890771162, 13.474713523035424 ], [ -85.367983785928018, 13.474434153704346 ], [ -85.365771182129095, 13.47441976790992 ], [ -85.365496504837139, 13.474138599326887 ], [ -85.365219929905138, 13.474136799468054 ], [ -85.364941456370715, 13.474414368217388 ], [ -85.364388306067156, 13.474410766901277 ], [ -85.364109831327625, 13.474688334576728 ] ] ] } },
{ "type": "Feature", "properties": { "fid": 1111, "STRM_VAL": 1.0 }, "geometry": { "type": "MultiLineString", "coordinates": [ [ [ -85.298538902452236, 13.477605194405879 ], [ -85.298546807037965, 13.47648775694678 ], [ -85.298272215229545, 13.476206523731371 ], [ -85.298290000411058, 13.473692289372931 ], [ -85.298015411725373, 13.473411056231361 ], [ -85.29802134014065, 13.472572978096487 ], [ -85.297197580399171, 13.471729277595372 ], [ -85.297199557275675, 13.471449918305492 ], [ -85.296650387859728, 13.470887450222213 ], [ -85.296658297124239, 13.469770013268318 ], [ -85.296936834221171, 13.46949252870623 ], [ -85.296948694580053, 13.467816372800206 ], [ -85.296674113501055, 13.467535139049319 ], [ -85.296680043902583, 13.466697061110226 ], [ -85.296405464289236, 13.466415827230895 ], [ -85.29640744127579, 13.466136467938723 ], [ -85.296132862576556, 13.465855233863355 ], [ -85.296136816966552, 13.465296515327207 ], [ -85.295862239457023, 13.465015281089672 ], [ -85.295864216860409, 13.464735921845707 ], [ -85.295587662585802, 13.464734046622334 ], [ -85.295313086352877, 13.464452811925209 ], [ -85.295319020082374, 13.463614734376929 ], [ -85.295042467174, 13.463612858706986 ] ] ] } },
{ "type": "Feature", "properties": { "fid": 1113, "STRM_VAL": 1.0 }, "geometry": { "type": "MultiLineString", "coordinates": [ [ [ -85.308489536242746, 13.478510539418552 ], [ -85.308768072679229, 13.478233041496207 ], [ -85.308775930136008, 13.477115598148938 ], [ -85.30905446446647, 13.476838099649823 ], [ -85.30823064877562, 13.47599442931752 ], [ -85.307954079785929, 13.475992566170975 ], [ -85.307675545435458, 13.476270063432572 ], [ -85.307398976208589, 13.476268199637547 ], [ -85.306849770565947, 13.475705749943895 ], [ -85.306851736841878, 13.475426389338711 ], [ -85.306577135255125, 13.475145164179594 ], [ -85.306579101762694, 13.47486580360151 ], [ -85.306304501091006, 13.474584578245423 ], [ -85.306027933998195, 13.474582713169713 ], [ -85.305753334327989, 13.474301487319002 ], [ -85.305476767639675, 13.474299621675007 ], [ -85.305478735296589, 13.474020261237788 ], [ -85.30520413690401, 13.47373903492611 ], [ -85.305208072636304, 13.473180314099455 ], [ -85.304931507314805, 13.473178448007509 ], [ -85.304652973549835, 13.473455941947771 ], [ -85.304378376797445, 13.473174714911156 ], [ -85.304380345558897, 13.472895354608429 ], [ -85.304105749721359, 13.472614127375053 ], [ -85.304109687662518, 13.472055406817429 ], [ -85.304666752009993, 13.47150041945712 ], [ -85.304943315365293, 13.471502285612576 ], [ -85.305221846294003, 13.471224791001971 ], [ -85.305498409412365, 13.471226656509099 ], [ -85.306055468779817, 13.470671665427176 ], [ -85.306057435215493, 13.470392304825527 ], [ -85.306335963567804, 13.470114808651902 ], [ -85.30633989557488, 13.469556087336048 ], [ -85.306065300512259, 13.469274862354114 ], [ -85.30606726672498, 13.468995501720061 ], [ -85.305790706088217, 13.468993637141791 ], [ -85.305516112302712, 13.468712411699101 ], [ -85.305518079067497, 13.468433051132259 ], [ -85.304968893964045, 13.46787059962308 ], [ -85.304970861236228, 13.467591239116985 ], [ -85.30469626991821, 13.467310013050557 ], [ -85.304710041505899, 13.465354489561841 ], [ -85.304435452757872, 13.465073263500567 ], [ -85.304439387647392, 13.46451454251274 ], [ -85.304715942945535, 13.464516407969484 ], [ -85.304994465022375, 13.464238912538432 ], [ -85.304998398362116, 13.463680191351305 ], [ -85.303350883205113, 13.461992834324949 ], [ -85.303402043399629, 13.454729461782861 ] ] ] } },
{ "type": "Feature", "properties": { "fid": 1138, "STRM_VAL": 1.0 }, "geometry": { "type": "MultiLineString", "coordinates": [ [ [ -85.325344938742305, 13.480858524816005 ], [ -85.324521047274729, 13.480014899892334 ], [ -85.322861592273256, 13.480003820814508 ], [ -85.3217630879615, 13.478878977990512 ], [ -85.321766986793236, 13.478320252608817 ], [ -85.321492362866508, 13.478039041390828 ], [ -85.32121578963168, 13.478037192569129 ], [ -85.32039192277287, 13.477193556733647 ], [ -85.319562206578766, 13.477188006062148 ], [ -85.319283682492312, 13.477465517592178 ], [ -85.318177393697709, 13.47745811106112 ], [ -85.317620341356943, 13.478013130197899 ], [ -85.317067196091841, 13.478009423730505 ], [ -85.31706524128721, 13.478288785755097 ], [ -85.31678671322635, 13.478566294003455 ], [ -85.316233566927266, 13.478562585551098 ] ] ] } },
{ "type": "Feature", "properties": { "fid": 1139, "STRM_VAL": 1.0 }, "geometry": { "type": "MultiLineString", "coordinates": [ [ [ -85.316233566927266, 13.478562585551098 ], [ -85.315409717980501, 13.477718935233719 ], [ -85.315411674621714, 13.47743957343519 ], [ -85.315137059860689, 13.477158356234021 ], [ -85.315139016734051, 13.476878994462393 ], [ -85.315417544279228, 13.476601488000728 ], [ -85.315142930347704, 13.476320270899697 ], [ -85.3154214571625, 13.476042764345351 ], [ -85.315423413537602, 13.475763402507939 ], [ -85.315701939342873, 13.475485895516831 ], [ -85.315703895308474, 13.475206533626608 ], [ -85.316260944255745, 13.474651518380584 ], [ -85.315986331172198, 13.474370302306243 ], [ -85.316543377370408, 13.473815286094235 ], [ -85.316549241449252, 13.472977199928929 ], [ -85.317384802629221, 13.472144672266916 ], [ -85.317661368545714, 13.472146524512508 ], [ -85.317663321734187, 13.471867162265747 ], [ -85.317114098111176, 13.471304733196327 ], [ -85.317116051808199, 13.471025371009752 ], [ -85.317394569732286, 13.470747861167363 ], [ -85.317398476263463, 13.470189136682201 ], [ -85.317955508719535, 13.469634115641718 ], [ -85.318232071832924, 13.469635966920896 ], [ -85.31851058681579, 13.469358455471555 ], [ -85.31823597608583, 13.469077242145115 ], [ -85.318245735943393, 13.467680430092338 ], [ -85.319081271297406, 13.466847893602639 ] ] ] } },
{ "type": "Feature", "properties": { "fid": 1146, "STRM_VAL": 1.0 }, "geometry": { "type": "MultiLineString", "coordinates": [ [ [ -85.362389506596301, 13.483617311694607 ], [ -85.361836335839129, 13.48361370234486 ], [ -85.361561654437381, 13.483332528979076 ], [ -85.36128506948107, 13.483330723581892 ], [ -85.361006580007071, 13.483608286037001 ], [ -85.361002770761203, 13.484167022331023 ], [ -85.36072427991401, 13.484444584307168 ], [ -85.360722374862107, 13.48472395239922 ], [ -85.359892615663426, 13.484718531972616 ], [ -85.359890709605111, 13.48499789994181 ], [ -85.357954603979806, 13.48498524135195 ], [ -85.357119116967766, 13.485817914378623 ], [ -85.356842529770674, 13.485816103760779 ], [ -85.356285534644016, 13.486371216481698 ], [ -85.356283624151928, 13.486650583907011 ], [ -85.356005125256843, 13.48692813963898 ], [ -85.353792419842662, 13.486913635181851 ], [ -85.353235415630181, 13.487468739984338 ], [ -85.352958827075568, 13.487466924869985 ], [ -85.352680323721472, 13.487744476344366 ], [ -85.352674578940594, 13.488582576985289 ] ] ] } },
{ "type": "Feature", "properties": { "fid": 1147, "STRM_VAL": 1.0 }, "geometry": { "type": "MultiLineString", "coordinates": [ [ [ -85.352674578940594, 13.488582576985289 ], [ -85.351282047026558, 13.489970327840457 ] ] ] } },
{ "type": "Feature", "properties": { "fid": 1148, "STRM_VAL": 1.0 }, "geometry": { "type": "MultiLineString", "coordinates": [ [ [ -85.351282047026558, 13.489970327840457 ], [ -85.351005455866456, 13.489968510243353 ], [ -85.350730782182822, 13.489687325773229 ], [ -85.35045419142547, 13.489685507606008 ], [ -85.350175682630791, 13.489963055624601 ], [ -85.347962955797229, 13.48994849657338 ], [ -85.347405931786199, 13.490503585944783 ], [ -85.347129340554957, 13.490501764005447 ], [ -85.346854671384222, 13.490220575753021 ], [ -85.346856593360343, 13.489941209738035 ], [ -85.345473641233738, 13.489932094341007 ], [ -85.3449243089878, 13.489369714548758 ], [ -85.344094540375266, 13.489364240063315 ], [ -85.343270550063195, 13.488520666241383 ], [ -85.343272475953299, 13.488241300696597 ], [ -85.342997814072817, 13.487960108990103 ], [ -85.34244463874181, 13.487956455766058 ], [ -85.342169978225215, 13.487675263296371 ], [ -85.341893390983287, 13.487673435962275 ], [ -85.341618731468444, 13.487392242994774 ], [ -85.341622586709633, 13.486833512317556 ], [ -85.341347928389297, 13.486552319183083 ], [ -85.341069414357534, 13.486829856362268 ], [ -85.339963070145515, 13.486822540797753 ], [ -85.33968841399799, 13.486541346071908 ], [ -85.339690343757198, 13.486261980991944 ], [ -85.339413758490039, 13.486260151113663 ], [ -85.338864449392702, 13.485697760500074 ], [ -85.338874101911969, 13.484300935527759 ] ] ] } },
{ "type": "Feature", "properties": { "fid": 1149, "STRM_VAL": 1.0 }, "geometry": { "type": "MultiLineString", "coordinates": [ [ [ -85.338874101911969, 13.484300935527759 ], [ -85.338876032284603, 13.484021570513864 ], [ -85.338601380359165, 13.483740375055541 ], [ -85.338879892898674, 13.483462840466647 ], [ -85.338885683491739, 13.482624745347254 ], [ -85.338611032952741, 13.482343550053084 ], [ -85.338612963340225, 13.482064185033167 ], [ -85.338338313717799, 13.481782989539594 ], [ -85.337785153908698, 13.481779327692117 ], [ -85.337510505649703, 13.481498131436231 ], [ -85.336680767330449, 13.48149263558712 ], [ -85.336406120796994, 13.481211438304022 ], [ -85.336408053577273, 13.480932073572886 ], [ -85.336133407960261, 13.480650876090564 ], [ -85.33613920686976, 13.479812781956978 ], [ -85.335862629520221, 13.479810949026035 ], [ -85.335866495882726, 13.479252219650007 ], [ -85.335589919216176, 13.479250386493492 ], [ -85.335315276348126, 13.478969188413698 ], [ -85.335593786045251, 13.478691657170319 ], [ -85.335595719394064, 13.478412292499021 ], [ -85.334765992529469, 13.478406791558109 ], [ -85.334491351578819, 13.478125592782353 ] ] ] } },
{ "type": "Feature", "properties": { "fid": 1153, "STRM_VAL": 1.0 }, "geometry": { "type": "MultiLineString", "coordinates": [ [ [ -85.372344716421054, 13.483961441491587 ], [ -85.372068129248277, 13.483959647890101 ], [ -85.371244046009068, 13.483116156497566 ], [ -85.370690873952128, 13.483112566785863 ], [ -85.370133914172285, 13.483667714728783 ], [ -85.369857327642677, 13.483665918730306 ], [ -85.369855433315252, 13.483945288118198 ], [ -85.369025673005012, 13.483939898180397 ], [ -85.368468707672051, 13.484495041736816 ], [ -85.368466811610432, 13.484774410912364 ], [ -85.368188327612714, 13.485051982063309 ], [ -85.367635151947439, 13.48504838511362 ], [ -85.367356666743405, 13.485325955190216 ], [ -85.367080078690549, 13.485324155915565 ], [ -85.366801592560932, 13.485601725260839 ], [ -85.3665250042677, 13.485599925338592 ], [ -85.365968029512416, 13.486155062178124 ], [ -85.366242719478706, 13.486436231614348 ], [ -85.365964231050327, 13.486713799749721 ], [ -85.365411052177592, 13.486710197464495 ], [ -85.365132562542826, 13.486987764525193 ], [ -85.36430279369462, 13.486982357783953 ], [ -85.364298991120563, 13.487541094852526 ], [ -85.364020499270254, 13.487818660404885 ], [ -85.363743908812012, 13.487816857128125 ], [ -85.363465416036007, 13.488094421948812 ], [ -85.363463513634713, 13.48837379034431 ], [ -85.362349534623547, 13.489484045561461 ], [ -85.361243166296248, 13.489476822388207 ], [ -85.360129172472824, 13.490587065894964 ], [ -85.359852579369473, 13.490585257966728 ], [ -85.359577893549982, 13.490304081932955 ], [ -85.3590247081885, 13.490300464631167 ], [ -85.358750023732384, 13.490019287832443 ], [ -85.358473431474295, 13.49001747845892 ], [ -85.357924065204983, 13.489455123629895 ], [ -85.357647473711069, 13.48945331342035 ], [ -85.357368972574363, 13.489730870415874 ], [ -85.356539197494428, 13.489725436929517 ], [ -85.356264516850544, 13.48944425780414 ], [ -85.35488156100584, 13.489435194573803 ], [ -85.354883473536731, 13.489155827407769 ], [ -85.35460879561974, 13.488874646753363 ], [ -85.354055614932591, 13.488871018875908 ], [ -85.353780938379046, 13.488589837457136 ], [ -85.352674578940594, 13.488582576985289 ] ] ] } },
{ "type": "Feature", "properties": { "fid": 1158, "STRM_VAL": 1.0 }, "geometry": { "type": "MultiLineString", "coordinates": [ [ [ -85.348829194617508, 13.48464599778745 ], [ -85.348552609926216, 13.484644178191576 ], [ -85.347995600893057, 13.485199270668856 ], [ -85.345782920349109, 13.48518469744476 ], [ -85.345233596816414, 13.484622319294195 ], [ -85.344957012656309, 13.484620495740511 ], [ -85.344133033239189, 13.483776925974313 ], [ -85.343856450205919, 13.483775101320402 ], [ -85.343299433834289, 13.484330182389623 ], [ -85.342193099869846, 13.484322877980626 ], [ -85.342191173306205, 13.484602243459221 ], [ -85.341638005927692, 13.484598589349638 ], [ -85.341359494729403, 13.484876127192596 ], [ -85.341082910821569, 13.484874299337449 ], [ -85.340808255167346, 13.48459310590194 ], [ -85.340531671662575, 13.484591277477156 ], [ -85.340257017009904, 13.48431008354407 ], [ -85.339703850847599, 13.484306425250852 ], [ -85.339705780257091, 13.484027060119072 ], [ -85.339429197558545, 13.484025230555098 ], [ -85.339150684849471, 13.484302765739891 ], [ -85.338874101911969, 13.484300935527759 ] ] ] } },
{ "type": "Feature", "properties": { "fid": 1168, "STRM_VAL": 1.0 }, "geometry": { "type": "MultiLineString", "coordinates": [ [ [ -85.326400680219479, 13.488129345555247 ], [ -85.32612409468237, 13.488127500784925 ], [ -85.325849455265669, 13.487846292641454 ], [ -85.325851401300582, 13.487566929566333 ], [ -85.325574816488512, 13.487565084266208 ], [ -85.325576762800509, 13.487285721224222 ], [ -85.32585529323822, 13.487008203396645 ], [ -85.3255806552922, 13.486726995120801 ], [ -85.325588439746525, 13.485609542836185 ], [ -85.324482109903201, 13.48560215970036 ], [ -85.323932841045519, 13.485039740600163 ], [ -85.323656259413198, 13.485037893525476 ], [ -85.323106993838223, 13.48447547296931 ], [ -85.322828463890701, 13.484752987770952 ], [ -85.322551882745231, 13.484751139518183 ], [ -85.322277251364966, 13.484469928330062 ], [ -85.322279201044552, 13.484190565692669 ], [ -85.322557730820847, 13.483913051486914 ], [ -85.322559680091047, 13.483633688796861 ], [ -85.322285049818277, 13.48335247774159 ], [ -85.322286999321179, 13.48307311507827 ], [ -85.322010420184839, 13.483071266454827 ], [ -85.321735791190719, 13.48279005493659 ], [ -85.320906055118087, 13.482784506445869 ], [ -85.320082175233964, 13.481940868120684 ], [ -85.31980364549851, 13.482218379552812 ], [ -85.319250489940401, 13.482214676761005 ], [ -85.318975865401711, 13.481933462696112 ], [ -85.318977818535487, 13.481654100477204 ], [ -85.31760470681391, 13.480248026850168 ], [ -85.317606661286817, 13.47996866479132 ], [ -85.316233566927266, 13.478562585551098 ] ] ] } },
{ "type": "Feature", "properties": { "fid": 1169, "STRM_VAL": 1.0 }, "geometry": { "type": "MultiLineString", "coordinates": [ [ [ -85.389736100093373, 13.489102522174392 ], [ -85.389732356019209, 13.489661266218638 ], [ -85.389179163824721, 13.489657715547883 ], [ -85.388343754583772, 13.490490502703432 ], [ -85.38779056086014, 13.490486948757935 ], [ -85.38751208926017, 13.490764543016278 ], [ -85.387235492176742, 13.490762765243849 ], [ -85.387233617015099, 13.491042136887229 ], [ -85.386955144124897, 13.491319730370773 ], [ -85.386680422325327, 13.491038580352194 ], [ -85.386401948872361, 13.491316173150146 ], [ -85.386125351305907, 13.491314394082893 ], [ -85.385846876926408, 13.491591986150572 ], [ -85.385570279118497, 13.491590206435868 ], [ -85.385566524642499, 13.492148949219192 ], [ -85.385288048608857, 13.492426540467205 ], [ -85.385284293235159, 13.492985283135328 ], [ -85.384448859079868, 13.493818054285976 ], [ -85.384435706290873, 13.495773652482336 ], [ -85.384157224401207, 13.496051241777803 ], [ -85.384155344897209, 13.496330612878145 ], [ -85.384430068743114, 13.49661176589805 ], [ -85.384422551417074, 13.497729250361798 ], [ -85.382762923947737, 13.497718553316373 ], [ -85.382484437821461, 13.497996140240758 ], [ -85.381654623782154, 13.497990786574412 ], [ -85.381652741087265, 13.498270157285083 ], [ -85.3802697168815, 13.498261228220684 ], [ -85.379994996783992, 13.497980071012664 ], [ -85.379718392424437, 13.497978284018981 ], [ -85.379443673328694, 13.497697126309944 ], [ -85.379165183825521, 13.497974709117276 ], [ -85.378335371227692, 13.497969344478888 ], [ -85.37777838859671, 13.498524506870734 ], [ -85.377501783914923, 13.498522717362048 ], [ -85.377227067153967, 13.49824155745792 ], [ -85.375844046154796, 13.498232604010772 ], [ -85.375569331842001, 13.497951442540399 ], [ -85.373909710137866, 13.497940686748072 ], [ -85.373634998635026, 13.497659523445467 ], [ -85.373356503224699, 13.497937099045767 ], [ -85.373079899828426, 13.497935304737451 ], [ -85.372805189410528, 13.497654140636012 ], [ -85.372251983461993, 13.497650550572535 ], [ -85.371977274407641, 13.497369385704365 ], [ -85.371698777674439, 13.497646959289995 ], [ -85.370592366582443, 13.497639773067727 ], [ -85.37031765969823, 13.497358606602219 ], [ -85.370041057387624, 13.497356809018537 ], [ -85.369491646263185, 13.496794474852875 ], [ -85.368938443209785, 13.496790877706561 ], [ -85.368381444370542, 13.497346017116538 ], [ -85.368104842342177, 13.497344217399553 ], [ -85.367830138992005, 13.497063048570647 ], [ -85.367276935779842, 13.49705944769015 ], [ -85.366998434632208, 13.497337015484048 ], [ -85.366445231019426, 13.49733341269776 ], [ -85.365621129401504, 13.496489900719288 ], [ -85.36534452874109, 13.496488098070776 ], [ -85.36506982984389, 13.496206926677486 ] ] ] } },
{ "type": "Feature", "properties": { "fid": 1170, "STRM_VAL": 1.0 }, "geometry": { "type": "MultiLineString", "coordinates": [ [ [ -85.36506982984389, 13.496206926677486 ], [ -85.364793229585715, 13.496205123458193 ], [ -85.36451853169045, 13.495923951565041 ], [ -85.363965332018978, 13.495920343680227 ], [ -85.363690635487458, 13.495639171021267 ], [ -85.363414036074218, 13.49563736635578 ], [ -85.36313934054462, 13.495356193197084 ], [ -85.362032944743689, 13.495348970424123 ], [ -85.362036754871554, 13.494790234337669 ], [ -85.361762061985814, 13.494509059946015 ], [ -85.361763967263229, 13.494229691925367 ], [ -85.36148736974009, 13.494227885320726 ], [ -85.361212678134407, 13.493946710461824 ], [ -85.360936081013605, 13.493944903286604 ], [ -85.360657577413747, 13.494222463678724 ], [ -85.360380980052668, 13.49422065585536 ], [ -85.359823970355421, 13.494775774786401 ], [ -85.359547372473287, 13.494773965971374 ], [ -85.359551188212677, 13.494215230557208 ], [ -85.358997993855439, 13.494211612168376 ], [ -85.35872330550653, 13.493930434916628 ], [ -85.358444799660475, 13.494207992560831 ], [ -85.357891605627842, 13.494204371734583 ], [ -85.357613098575001, 13.49448192830288 ], [ -85.356783306988376, 13.494476493747772 ], [ -85.356233936165196, 13.493914134693044 ], [ -85.355680743425054, 13.493910509069767 ], [ -85.355402234491223, 13.494188062934933 ], [ -85.355125637901452, 13.4941862493227 ], [ -85.354850954619721, 13.493905068349831 ], [ -85.354852867843775, 13.493625701287391 ], [ -85.354578185480023, 13.493344520113691 ], [ -85.353471803708885, 13.493337260647991 ], [ -85.353197123433034, 13.493056078178228 ], [ -85.353199038454861, 13.492776711330045 ], [ -85.352649680378761, 13.492214345755954 ], [ -85.352651595913017, 13.491934978966293 ], [ -85.351827564431588, 13.491091428954173 ], [ -85.351829480756038, 13.49081206225558 ], [ -85.352107988961876, 13.490534512311879 ], [ -85.351833313274753, 13.490253328838961 ], [ -85.351556721711944, 13.490251511812005 ], [ -85.351282047026558, 13.489970327840457 ] ] ] } },
{ "type": "Feature", "properties": { "fid": 1202, "STRM_VAL": 1.0 }, "geometry": { "type": "MultiLineString", "coordinates": [ [ [ -85.372824116434927, 13.494860445396542 ], [ -85.37254751665445, 13.494858650902259 ], [ -85.372269023761874, 13.495136225579319 ], [ -85.371439223818527, 13.495130839238582 ], [ -85.371160729437278, 13.495408412497714 ], [ -85.370054328952165, 13.495401225071117 ], [ -85.369504921726033, 13.494838891354901 ], [ -85.369226425741587, 13.495116462256183 ], [ -85.368949826163316, 13.495114663762203 ], [ -85.368671329252464, 13.495392233931835 ], [ -85.366735131366937, 13.495379633538963 ], [ -85.366731331993051, 13.495938370915418 ], [ -85.36590153157654, 13.495932965944444 ], [ -85.36562303048153, 13.496210532201886 ], [ -85.36506982984389, 13.496206926677486 ] ] ] } }
]
}
